,pmid,date
1,32268459,2020-03-31
2,32268458,2020-03-31
3,32268457,2020-03-31
4,32268456,2020-04-08
5,32268455,2020-04-08
6,32268454,2020-04-08
7,32268390,2020-04-08
8,32268381,2020-04-08
9,32268374,2020-04-09
10,32268360,2020-04-09
11,32268358,2020-04-09
12,32268352,2020-04-08
13,32268343,2020-04-08
14,32268300,2020-04-08
15,32268212,2020-04-05
16,32268196,2020-04-05
17,32268195,2020-04-05
18,32268188,2020-04-05
19,32268181,2020-04-05
20,32268168,2020-04-05
21,32268135,2020-04-05
22,32268134,2020-04-05
23,32268125,2020-04-04
24,32268059,2020-04-03
25,32268052,2020-04-03
26,32268051,2020-04-03
27,32268046,2020-04-03
28,32268045,2020-04-03
29,32268044,2020-04-03
30,32268043,2020-04-03
31,32268042,2020-04-03
32,32268041,NA
33,32268022,2020-04-08
34,32268020,2020-04-08
35,32268019,NA
36,32268018,NA
37,32268005,2020-04-08
38,32267998,2020-04-08
39,32267987,2020-04-08
40,32267984,2020-04-08
41,32267981,2020-04-08
42,32267979,2020-04-08
43,32267964,2020-04-08
44,32267963,2020-04-08
45,32267962,2020-04-08
46,32267950,2020-04-08
47,32267942,2020-04-03
48,32267928,2020-04-08
49,32267912,2020-04-08
50,32267833,2020-04-08
51,32267830,NA
52,32267829,NA
53,32267828,2020-04-05
54,32267826,2020-04-08
55,32267782,2020-04-08
56,32267771,2020-04-08
57,32267769,NA
58,32267768,NA
59,32267765,NA
60,32267762,NA
61,32267732,2020-04-08
62,32267678,2020-04-08
63,32267662,2020-04-03
64,32267661,2020-04-03
65,32267650,2020-04-07
66,32267613,2020-04-08
67,32267607,2020-04-08
68,32267566,2020-04-08
69,32267560,2020-04-08
70,32267556,2020-04-08
71,32267544,2020-04-08
72,32267538,2020-04-08
73,32267531,2020-04-08
74,32267530,NA
75,32267502,2020-04-08
76,32267494,2020-04-08
77,32267488,2020-04-08
78,32267485,2020-04-08
79,32267483,2020-04-08
80,32267461,2020-04-03
81,32267383,2020-04-06
82,32267343,2020-04-03
83,32267301,2020-04-06
84,32267300,2020-04-06
85,32267243,2020-04-07
86,32267220,2020-04-08
87,32267209,2020-04-08
88,32267164,2020-04-08
89,32267163,2020-04-03
90,32267160,2020-04-08
91,32267140,2020-04-08
92,32267139,2020-04-09
93,32267110,NA
94,32267109,NA
95,32267098,2020-04-08
96,32267081,2020-04-08
97,32267047,2020-04-08
98,32267016,2020-04-08
99,32267008,2020-04-08
100,32267002,2020-04-08
101,32267000,2020-04-08
102,32266995,2020-04-08
103,32266994,2020-04-08
104,32266993,2020-04-08
105,32266990,2020-04-08
106,32266987,2020-04-08
107,32266965,2020-04-08
108,32266947,2020-04-07
109,32266937,2020-04-08
110,32266873,2020-04-08
111,32266867,2020-04-08
112,32266851,2020-04-08
113,32266838,2020-04-08
114,32266828,2020-04-08
115,32266822,2020-04-08
116,32266767,NA
117,32266761,2020-04-07
118,32266754,2020-04-07
119,32266753,2020-04-07
120,32266708,2020-04-07
121,32266703,2020-04-08
122,32266694,2020-04-07
123,32266524,2020-04-07
124,32266502,2020-04-07
125,32266501,2020-04-07
126,32266498,2020-04-07
127,32266419,2020-04-08
128,32266381,2020-04-08
129,32266375,2020-04-08
130,32266184,2020-03-16
131,32265848,2020-02-28
132,32265571,NA
133,32265568,NA
134,32265541,2020-04-07
135,32265540,2020-04-07
136,32265538,2020-04-07
137,32265531,2020-04-07
138,32265517,2020-04-07
139,32265513,2020-04-07
140,32265510,2020-04-07
141,32265435,2020-04-07
142,32265365,2020-04-06
143,32265341,2020-04-07
144,32265331,2020-04-07
145,32265315,2020-04-07
146,32265310,2020-04-07
147,32265307,2020-04-07
148,32265235,2020-04-07
149,32265231,2020-04-06
150,32265220,2020-04-07
151,32265205,2020-04-07
152,32265204,2020-04-07
153,32265202,2020-04-07
154,32265194,2020-04-07
155,32265184,2020-04-07
156,32265183,2020-04-07
157,32265182,2020-04-07
158,32265180,2020-03-31
159,32265149,2020-04-07
160,32265115,2020-03-31
161,32265095,2020-04-04
162,32265088,2020-04-02
163,32265065,2020-03-24
164,32265049,2020-04-04
165,32265036,NA
166,32265035,2020-04-01
167,32265008,NA
168,32265007,NA
169,32265005,NA
170,32265003,NA
171,32264974,2020-04-07
172,32264963,2020-04-07
173,32264957,2020-04-07
174,32264922,2020-04-07
175,32264908,2020-04-07
176,32264898,2020-04-07
177,32264802,2020-04-03
178,32264791,2020-04-08
179,32264667,2020-04-08
180,32264666,2020-04-08
181,32260471,2020-04-05
182,32260436,2020-04-04
183,32260155,2020-04-03
184,32259916,2020-04-07
185,32259899,NA
186,32259878,2020-04-07
187,32259853,2020-04-07
188,32259829,2020-04-07
189,32259751,2020-03-27
190,32259628,2020-04-04
191,32259611,2020-04-04
192,32259576,2020-04-04
193,32259575,2020-04-04
194,32259560,2020-04-04
195,32259547,2020-04-04
196,32259546,2020-04-04
197,32259536,2020-04-04
198,32259480,2020-04-03
199,32259477,2020-04-05
200,32259419,2020-04-06
201,32259403,2020-04-07
202,32259402,2020-04-07
203,32259400,2020-04-07
204,32259394,2020-04-07
205,32259387,2020-04-07
206,32259373,2020-04-07
207,32259337,2020-04-07
208,32259325,2020-04-07
209,32259322,2020-04-07
210,32259313,2020-04-07
211,32259288,2020-04-07
212,32259279,2020-04-07
213,32259247,2020-04-07
214,32259197,2020-04-07
215,32259195,2020-04-07
216,32259194,2020-04-07
217,32259193,2020-04-07
218,32259192,2020-04-07
219,32259191,2020-04-07
220,32259190,2020-04-07
221,32259189,2020-04-07
222,32259155,2020-04-01
223,32259132,2020-04-04
224,32259130,2020-04-01
225,32259129,2020-03-30
226,32259127,2020-03-25
227,32259126,2020-03-23
228,32259124,2020-03-22
229,32259123,2020-03-17
230,32259121,2020-03-16
231,32259120,2020-03-15
232,32259119,2020-03-14
233,32259011,2020-03-30
234,32258434,2020-04-03
235,32258351,2020-03-27
236,32258207,2020-03-21
237,32257774,NA
238,32257773,NA
239,32257772,NA
240,32257771,NA
241,32257730,2020-04-01
242,32257728,2020-03-31
243,32257554,2020-03-09
244,32257537,2020-03-09
245,32257511,2020-03-30
246,32257431,2020-03-16
247,32257174,NA
248,32257173,NA
249,32257150,NA
250,32256706,2020-03-30
251,32256705,2020-03-27
252,32256547,2020-03-20
253,32255761,2020-04-07
254,32255735,2020-04-07
255,32255713,2020-04-03
256,32255684,2020-04-07
257,32255683,2020-04-07
258,32255661,2020-04-07
259,32255660,2020-04-07
260,32255648,2020-04-07
261,32255567,2020-04-07
262,32255564,NA
263,32255535,2020-04-07
264,32255510,2020-04-07
265,32255507,2020-04-07
266,32255497,2020-04-07
267,32255491,NA
268,32255489,2020-04-07
269,32255483,2020-04-07
270,32255477,2020-04-07
271,32255476,2020-04-07
272,32255475,2020-04-07
273,32255438,2020-04-01
274,32255437,2020-04-07
275,32255436,2020-04-07
276,32255413,2020-04-07
277,32255383,2020-04-07
278,32255382,2020-04-07
279,32255370,2020-04-07
280,32255359,2020-04-07
281,32255312,2020-04-07
282,32255222,2020-04-07
283,32255197,2020-04-07
284,32255183,2020-04-07
285,32254064,2020-04-07
286,32254054,2020-04-06
287,32254048,2020-04-06
288,32253942,2020-04-07
289,32253891,2020-04-07
290,32253890,2020-04-07
291,32253888,2020-04-07
292,32253799,2020-04-06
293,32253771,2020-04-06
294,32253759,2020-04-06
295,32253754,2020-04-06
296,32253680,2020-04-06
297,32253535,2020-04-06
298,32253449,2020-04-06
299,32253448,2020-04-06
300,32253375,2020-04-06
301,32253371,2020-04-07
302,32253352,2020-04-06
303,32253351,2020-04-06
304,32253325,NA
305,32253318,2020-04-06
306,32253252,2020-04-06
307,32253251,2020-04-06
308,32253226,2020-04-06
309,32253225,2020-04-06
310,32253224,2020-04-06
311,32253201,2020-04-06
312,32253197,2020-04-06
313,32253182,2020-04-06
314,32253181,2020-04-06
315,32253180,2020-04-06
316,32253179,2020-04-06
317,32253178,2020-04-06
318,32253177,2020-04-06
319,32253175,2020-04-06
320,32253172,2020-04-03
321,32253163,2020-04-03
322,32253143,2020-03-28
323,32253133,2020-04-03
324,32253132,2020-03-23
325,32253113,2020-03-14
326,32253068,2020-04-02
327,32253003,NA
328,32252979,2020-04-03
329,32252978,2020-04-03
330,32252856,2020-04-07
331,32252855,2020-04-07
332,32252849,2020-04-07
333,32252845,2020-04-07
334,32252837,2020-04-07
335,32252784,2020-04-06
336,32252591,2020-04-07
337,32252508,2020-03-30
338,32252338,2020-04-02
339,32252179,2020-03-30
340,32252141,2020-04-02
341,32252139,2020-04-06
342,32252092,2020-04-07
343,32252058,2020-04-06
344,32252023,2020-04-05
345,32251934,2020-03-26
346,32251853,2020-03-28
347,32251848,2020-04-03
348,32251842,2020-04-03
349,32251839,2020-04-03
350,32251805,2020-04-03
351,32251798,2020-04-03
352,32251796,2020-04-03
353,32251794,2020-04-03
354,32251791,2020-04-03
355,32251790,2020-04-03
356,32251789,2020-04-03
357,32251768,2020-04-03
358,32251767,2020-04-03
359,32251732,2020-04-03
360,32251731,2020-04-03
361,32251729,2020-04-03
362,32251726,2020-04-03
363,32251725,2020-04-03
364,32251718,2020-04-03
365,32251717,2020-04-03
366,32251716,2020-04-03
367,32251688,2020-04-03
368,32251668,2020-04-03
369,32251649,2020-04-03
370,32251644,2020-04-03
371,32251639,2020-04-03
372,32251638,2020-04-03
373,32251637,2020-04-03
374,32251634,2020-04-03
375,32251626,2020-04-03
376,32251625,2020-04-03
377,32251623,2020-04-03
378,32251622,2020-04-03
379,32251619,2020-04-03
380,32251618,NA
381,32251612,2020-04-06
382,32251568,2020-04-06
383,32251546,2020-04-06
384,32251543,2020-04-06
385,32251539,2020-04-06
386,32251513,2020-04-06
387,32251512,2020-04-06
388,32251511,2020-04-06
389,32251498,2020-04-06
390,32251408,2020-04-06
391,32251365,2020-04-06
392,32251203,2020-04-02
393,32251148,NA
394,32251143,2020-04-03
395,32251136,2020-04-02
396,32251003,2020-04-01
397,32251002,2020-04-03
398,32250979,2020-04-03
399,32250978,2020-04-03
400,32250977,2020-04-03
401,32250968,2020-04-06
402,32250965,2020-04-03
403,32250963,2020-04-07
404,32250962,2020-04-03
405,32250961,2020-04-05
406,32250960,2020-04-09
407,32250959,2020-04-09
408,32250958,2020-04-03
409,32250957,2020-04-02
410,32250751,2020-04-03
411,32250659,NA
412,32250655,2020-04-03
413,32250654,2020-04-06
414,32250505,2020-04-06
415,32250493,2020-04-06
416,32250482,2020-04-06
417,32250468,2020-04-06
418,32250460,2020-04-06
419,32250408,2020-04-06
420,32250394,2020-04-06
421,32250388,2020-04-06
422,32250385,2020-04-06
423,32250347,NA
424,32250324,NA
425,32250283,2020-04-06
426,32250281,2020-04-06
427,32250244,2020-04-06
428,32250235,2020-04-06
429,32250193,2020-04-06
430,32250170,2020-04-06
431,32250159,NA
432,32250095,2020-04-03
433,32250094,2020-04-03
434,32250049,2020-04-06
435,32249956,2020-04-06
436,32249952,2020-04-06
437,32249944,2020-04-06
438,32249943,2020-04-06
439,32249924,2020-04-06
440,32249918,2020-03-30
441,32249847,2020-04-06
442,32249846,2020-04-06
443,32249845,2020-04-06
444,32249840,2020-04-06
445,32249715,2020-04-03
446,32249681,2020-04-03
447,32249678,2020-04-03
448,32249664,2020-04-03
449,32249660,2020-04-05
450,32249538,2020-04-06
451,32249471,2020-04-06
452,32249362,2020-04-05
453,32249361,2020-04-05
454,32249357,2020-04-05
455,32249257,2020-04-05
456,32249203,2020-04-01
457,32249188,2020-04-02
458,32249185,2020-03-25
459,32249184,2020-03-21
460,32249164,2020-04-02
461,32249110,2020-04-02
462,32249108,2020-04-02
463,32249102,2020-03-26
464,32249098,2020-03-31
465,32249089,2020-04-02
466,32249072,2020-03-27
467,32249063,2020-04-02
468,32249028,2020-04-02
469,32248989,2020-04-02
470,32248966,2020-03-28
471,32248894,2020-04-06
472,32248880,2020-04-06
473,32248871,2020-04-06
474,32248864,2020-04-06
475,32248855,2020-04-06
476,32248852,2020-04-06
477,32248766,2020-04-06
478,32248724,2020-04-06
479,32248675,2020-04-06
480,32248608,2020-04-04
481,32248565,2020-04-05
482,32248564,2020-04-05
483,32248521,2020-04-04
484,32248387,2020-04-04
485,32248146,2020-04-03
486,32248145,2020-04-05
487,32248083,2020-03-22
488,32247931,2020-04-02
489,32247928,2020-04-02
490,32247927,2020-04-02
491,32247926,2020-04-02
492,32247925,2020-04-02
493,32247898,2020-03-31
494,32247882,2020-04-02
495,32247881,2020-04-02
496,32247836,2020-04-02
497,32247826,2020-04-02
498,32247821,2020-04-02
499,32247797,2020-04-02
500,32247755,2020-04-02
501,32247754,2020-04-02
502,32247752,2020-04-01
503,32247725,2020-04-02
504,32247695,2020-04-02
505,32247692,2020-04-02
506,32247691,2020-04-02
507,32247680,2020-03-26
508,32247642,2020-04-02
509,32247631,2020-03-20
510,32247592,2020-04-02
511,32247584,2020-04-01
512,32247518,2020-03-25
513,32247384,NA
514,32247383,NA
515,32247382,NA
516,32247381,NA
517,32247379,NA
518,32247378,NA
519,32247329,2020-04-02
520,32247328,2020-04-02
521,32247327,2020-04-02
522,32247326,2020-04-02
523,32247325,2020-04-02
524,32247324,2020-04-02
525,32247323,2020-04-02
526,32247322,2020-04-02
527,32247320,2020-04-02
528,32247319,2020-04-02
529,32247318,2020-04-03
530,32247317,2020-04-03
531,32247261,2020-03-23
532,32247213,2020-03-25
533,32247212,2020-03-25
534,32247211,2020-03-26
535,32247204,2020-03-24
536,32247200,2020-03-25
537,32247193,2020-03-25
538,32247066,2020-04-01
539,32247056,2020-04-01
540,32247050,2020-04-01
541,32247038,2020-04-01
542,32247030,2020-04-01
543,32247029,2020-04-01
544,32247022,2020-04-01
545,32247018,2020-03-31
546,32247017,2020-04-01
547,32247016,2020-04-01
548,32247013,2020-04-01
549,32246996,2020-04-01
550,32246972,2020-04-01
551,32246969,2020-04-01
552,32246966,2020-04-01
553,32246939,2020-04-01
554,32246918,2020-04-01
555,32246917,2020-04-01
556,32246915,2020-04-01
557,32246914,2020-04-01
558,32246913,2020-04-01
559,32246912,2020-04-01
560,32246910,2020-04-01
561,32246906,2020-04-01
562,32246905,2020-04-01
563,32246904,2020-04-01
564,32246897,2020-04-04
565,32246890,2020-04-04
566,32246886,2020-04-04
567,32246879,2020-04-04
568,32246874,2020-04-04
569,32246849,2020-04-04
570,32246845,2020-04-04
571,32246843,2020-04-04
572,32246838,2020-04-04
573,32246834,2020-04-04
574,32246822,2020-04-04
575,32246819,2020-04-04
576,32246793,2020-04-04
577,32246787,2020-04-04
578,32246784,2020-04-04
579,32246783,2020-04-04
580,32246782,2020-04-04
581,32246722,2020-04-04
582,32246576,2020-04-04
583,32246529,2020-04-04
584,32246515,2020-04-03
585,32246503,2020-04-04
586,32246500,2020-04-03
587,32246497,2020-04-03
588,32246490,2020-04-03
589,32246431,2020-04-03
590,32246403,2020-03-31
591,32246356,2020-04-03
592,32246317,2020-04-03
593,32246280,2020-04-03
594,32246209,2020-04-03
595,32246185,2020-04-03
596,32246149,2020-04-03
597,32246144,2020-04-03
598,32246142,2020-04-03
599,32246121,2020-04-03
600,32246119,2020-04-03
601,32246113,2020-04-03
602,32246105,2020-04-03
603,32246101,2020-04-03
604,32245909,2020-04-03
605,32245904,NA
606,32245885,NA
607,32245880,2020-04-03
608,32245874,NA
609,32245870,NA
610,32245869,NA
611,32245859,NA
612,32245855,NA
613,32245847,2020-04-03
614,32245844,2020-04-03
615,32245840,2020-04-03
616,32245835,2020-04-03
617,32245833,2020-04-03
618,32245830,2020-04-03
619,32245814,2020-04-03
620,32245802,2020-04-03
621,32245784,2020-04-03
622,32245780,2020-04-03
623,32245770,2020-04-03
624,32245769,2020-04-03
625,32245754,2020-04-03
626,32245751,2020-04-03
627,32245738,2020-03-31
628,32245701,2020-03-25
629,32245691,2020-03-31
630,32245656,2020-03-31
631,32245603,2020-03-27
632,32245590,NA
633,32245396,2020-04-04
634,32245395,2020-04-04
635,32245346,2020-04-03
636,32245264,2020-03-21
637,32245157,2020-03-21
638,32245083,2020-03-20
639,32244852,2020-03-20
640,32244841,2020-04-01
641,32244779,2020-04-01
642,32244776,2020-04-01
643,32244498,2020-03-31
644,32244425,2020-03-31
645,32244415,2020-03-31
646,32244365,2020-03-31
647,32244261,2020-04-03
648,32244260,2020-04-03
649,32244258,2020-04-03
650,32244248,2020-04-03
651,32244166,2020-03-19
652,32244059,2020-03-31
653,32244041,2020-03-31
654,32244021,2020-03-31
655,32244017,2020-03-31
656,32243950,2020-03-31
657,32243949,2020-03-31
658,32243947,2020-03-31
659,32243945,2020-03-31
660,32243944,2020-03-31
661,32243920,2020-03-31
662,32243919,2020-03-31
663,32243911,2020-03-31
664,32243894,2020-03-31
665,32243893,2020-03-31
666,32243877,2020-03-31
667,32243846,2020-04-01
668,32243818,2020-03-31
669,32243815,2020-03-31
670,32243814,2020-03-31
671,32243813,2020-03-31
672,32243784,2020-03-31
673,32243779,2020-03-31
674,32243778,2020-03-31
675,32243777,2020-03-31
676,32243776,2020-03-31
677,32243775,2020-03-31
678,32243729,2020-04-03
679,32243722,2020-04-03
680,32243698,2020-04-03
681,32243697,2020-04-03
682,32243690,2020-04-03
683,32243678,2020-04-03
684,32243677,2020-04-03
685,32243673,2020-04-03
686,32243672,2020-04-03
687,32243668,2020-04-03
688,32243621,2020-04-03
689,32243612,2020-04-03
690,32243608,2020-04-03
691,32243607,2020-04-03
692,32243599,2020-04-03
693,32243596,2020-04-03
694,32243592,2020-04-03
695,32243567,2020-04-03
696,32243566,2020-04-03
697,32243501,NA
698,32243336,2020-03-31
699,32243334,2020-03-31
700,32243318,2020-04-01
701,32243317,2020-04-01
702,32243304,2020-04-01
703,32243302,2020-04-01
704,32243300,2020-03-31
705,32243299,2020-03-31
706,32243298,2020-03-31
707,32243297,2020-03-31
708,32243296,2020-03-31
709,32243288,2020-04-01
710,32243287,2020-04-01
711,32243270,2020-04-01
712,32243269,2020-04-01
713,32243268,2020-03-30
714,32243267,2020-03-30
715,32243266,2020-03-30
716,32243259,2020-04-03
717,32243255,2020-04-03
718,32243239,2020-04-03
719,32243238,2020-04-03
720,32243205,2020-04-03
721,32243191,2020-04-03
722,32243123,NA
723,32243122,NA
724,32243068,2020-04-03
725,32242993,2020-04-03
726,32242990,2020-04-03
727,32242950,2020-04-03
728,32242948,2020-04-03
729,32242947,2020-04-03
730,32242946,2020-04-03
731,32242936,2020-04-03
732,32242901,2020-04-03
733,32242895,2020-04-03
734,32242891,2020-04-03
735,32242890,2020-04-03
736,32242889,2020-04-03
737,32242888,2020-04-03
738,32242878,2020-04-03
739,32242877,2020-04-02
740,32242876,2020-03-31
741,32242875,2020-03-31
742,32242874,2020-03-30
743,32242873,2020-03-27
744,32242831,2020-04-02
745,32242830,2020-04-02
746,32242829,2020-04-02
747,32242828,2020-04-02
748,32242790,2020-04-03
749,32242762,2020-04-03
750,32242738,2020-04-03
751,32242646,2020-04-03
752,32242438,2020-03-31
753,32242382,NA
754,32242350,2020-04-06
755,32242349,2020-04-06
756,32242348,2020-04-06
757,32242347,2020-04-06
758,32242340,2020-04-03
759,32242315,2020-04-02
760,32242236,2020-04-03
761,32242202,NA
762,32242182,2020-04-03
763,32242173,2020-04-03
764,32242126,2020-04-02
765,32242121,2020-04-02
766,32242115,NA
767,32242111,2020-04-02
768,32242095,2020-04-02
769,32242087,2020-04-02
770,32241953,2020-04-02
771,32241949,NA
772,32241931,NA
773,32241928,NA
774,32241901,2020-04-02
775,32241899,2020-04-02
776,32241897,2020-04-02
777,32241884,2020-04-02
778,32241880,2020-04-02
779,32241828,2020-04-02
780,32241815,2020-04-02
781,32241814,2020-04-01
782,32241813,2020-04-02
783,32241811,2020-04-02
784,32241801,2020-04-02
785,32241793,2020-04-02
786,32241792,2020-04-02
787,32241791,2020-04-02
788,32241778,2020-04-02
789,32241766,2020-04-02
790,32241762,2020-04-02
791,32241761,2020-04-02
792,32241756,2020-04-02
793,32241695,2020-03-26
794,32241685,2020-03-12
795,32241653,2020-03-30
796,32241630,2020-03-24
797,32241520,NA
798,32241328,2020-04-03
799,32241325,2020-04-03
800,32241316,2020-04-03
801,32241313,2020-04-03
802,32241308,2020-04-03
803,32241306,2020-04-03
804,32241301,2020-04-02
805,32241244,2020-04-02
806,32241193,2020-04-03
807,32241097,2020-03-30
808,32241075,2020-04-02
809,32241074,2020-04-02
810,32241073,2020-04-02
811,32241072,2020-04-03
812,32241071,2020-04-03
813,32241067,2020-04-03
814,32241065,2020-04-03
815,32241064,2020-04-03
816,32241056,NA
817,32241023,2020-04-02
818,32241022,2020-04-02
819,32240973,2020-04-07
820,32240972,2020-04-06
821,32240961,2020-03-25
822,32240958,2020-03-20
823,32240913,2020-03-24
824,32240896,2020-03-16
825,32240876,2020-03-26
826,32240830,2020-03-30
827,32240770,2020-03-30
828,32240766,2020-03-30
829,32240764,2020-03-30
830,32240762,2020-03-30
831,32240756,2020-03-31
832,32240755,2020-03-30
833,32240754,2020-03-30
834,32240751,2020-03-30
835,32240718,2020-03-31
836,32240670,2020-03-30
837,32240634,2020-03-30
838,32240630,2020-03-30
839,32240625,2020-03-30
840,32240618,2020-03-30
841,32240603,NA
842,32240582,2020-04-02
843,32240581,2020-04-02
844,32240580,2020-04-02
845,32240567,2020-04-02
846,32240549,2020-04-02
847,32240545,2020-04-02
848,32240543,2020-04-02
849,32240537,2020-04-02
850,32240519,2020-04-02
851,32240484,2020-04-02
852,32240462,2020-04-02
853,32240303,2020-04-02
854,32240293,2020-04-02
855,32240291,2020-04-02
856,32240285,2020-04-02
857,32240283,2020-04-02
858,32240282,2020-04-02
859,32240279,2020-04-02
860,32240128,2020-04-03
861,32240123,2020-04-03
862,32240096,2020-04-02
863,32240095,2020-04-02
864,32240094,2020-04-02
865,32240079,2020-04-02
866,32240078,2020-04-02
867,32239972,2020-04-02
868,32239800,2020-04-02
869,32239799,2020-04-02
870,32239796,2020-04-02
871,32239784,2020-04-02
872,32239761,2020-04-02
873,32239757,2020-04-02
874,32239747,2020-04-02
875,32239736,2020-04-02
876,32239628,2020-04-01
877,32239591,2020-04-02
878,32239590,2020-04-01
879,32239587,2020-04-01
880,32239578,2020-04-01
881,32239532,2020-04-01
882,32239525,2020-04-01
883,32239522,2020-04-01
884,32239515,2020-04-01
885,32239514,2020-04-01
886,32239511,2020-04-01
887,32239472,2020-04-01
888,32239459,2020-04-01
889,32239446,2020-04-01
890,32239445,2020-04-01
891,32239278,2020-04-01
892,32239256,2020-04-01
893,32239213,2020-04-02
894,32239184,2020-04-02
895,32239155,2020-04-02
896,32239142,2020-04-01
897,32239133,2020-04-02
898,32239127,2020-04-02
899,32239125,2020-04-01
900,32238979,NA
901,32238978,2020-03-30
902,32238976,2020-03-23
903,32238956,2020-03-15
904,32238897,2020-04-01
905,32238757,NA
906,32238673,2020-04-01
907,32238615,2020-04-01
908,32238614,2020-03-29
909,32238613,2020-03-29
910,32238612,2020-03-29
911,32238585,2020-04-01
912,32238584,2020-04-01
913,32238505,2020-04-01
914,32238504,2020-04-01
915,32238444,2020-04-01
916,32238430,2020-04-01
917,32238429,2020-04-01
918,32238428,2020-04-01
919,32238427,2020-04-01
920,32238358,2020-04-01
921,32238356,2020-04-01
922,32238355,2020-04-01
923,32238354,2020-04-01
924,32238353,2020-04-01
925,32238351,2020-04-01
926,32238350,2020-04-01
927,32238346,2020-04-01
928,32238344,2020-04-01
929,32238336,2020-04-02
930,32238261,2020-03-31
931,32238260,2020-03-31
932,32238250,2020-03-18
933,32238235,2020-04-01
934,32238232,2020-04-02
935,32238224,2020-03-31
936,32238223,2020-04-01
937,32238221,2020-04-02
938,32238217,2020-04-02
939,32238216,2020-04-02
940,32238197,2020-04-02
941,32238182,2020-04-01
942,32238177,2020-04-01
943,32238094,2020-04-02
944,32238084,2020-04-02
945,32238078,2020-04-02
946,32238024,2020-04-02
947,32238000,2020-04-02
948,32237998,2020-04-02
949,32237972,2020-04-03
950,32237918,2020-04-02
951,32237901,2020-04-06
952,32237672,2020-04-01
953,32237670,2020-04-01
954,32237566,NA
955,32237554,NA
956,32237302,2020-03-31
957,32237301,2020-03-31
958,32237300,2020-03-31
959,32237288,2020-03-31
960,32237287,2020-03-31
961,32237278,2020-04-01
962,32237263,2020-04-01
963,32237261,2020-03-31
964,32237249,2020-04-01
965,32237238,2020-04-01
966,32237212,2020-04-01
967,32237206,2020-04-01
968,32237199,2020-04-01
969,32237190,2020-04-01
970,32237161,2020-04-01
971,32237160,2020-04-01
972,32237159,2020-04-01
973,32237148,2020-04-01
974,32237013,2020-04-01
975,32236998,2020-03-31
976,32236983,2020-04-01
977,32236913,2020-04-01
978,32236856,2020-03-31
979,32236854,2020-03-31
980,32236815,2020-03-31
981,32236694,2020-03-31
982,32236644,2020-03-31
983,32236562,2020-04-01
984,32236561,2020-04-01
985,32236504,2020-04-01
986,32236503,2020-04-01
987,32236491,2020-04-01
988,32236490,2020-04-01
989,32236478,2020-04-01
990,32236385,2020-03-30
991,32236325,2020-03-30
992,32236303,2020-03-27
993,32236295,2020-03-30
994,32236089,2020-03-26
995,32235945,2020-04-01
996,32235939,NA
997,32235915,2020-03-31
998,32235685,2020-03-22
999,32235575,2020-03-30
1000,32235486,2020-03-30
1001,32235480,2020-03-30
1002,32235433,2020-03-30
1003,32235413,2020-03-30
1004,32235387,2020-03-29
1005,32235187,2020-03-31
1006,32235170,2020-03-31
1007,32235161,2020-03-31
1008,32235119,2020-04-01
1009,32235086,2020-03-31
1010,32235085,2020-03-31
1011,32235084,2020-03-31
1012,32235083,2020-03-31
1013,32234957,2020-03-31
1014,32234837,2020-03-30
1015,32234831,2020-03-31
1016,32234805,2020-03-31
1017,32234804,2020-03-31
1018,32234728,2020-03-31
1019,32234724,2020-03-31
1020,32234719,2020-03-31
1021,32234716,2020-03-31
1022,32234713,2020-03-31
1023,32234709,2020-04-01
1024,32234504,2020-03-29
1025,32234468,2020-03-28
1026,32234467,2020-03-29
1027,32234466,2020-03-28
1028,32234465,2020-03-28
1029,32234464,2020-03-28
1030,32234457,2020-03-28
1031,32234453,2020-03-28
1032,32234451,2020-03-28
1033,32234449,2020-03-28
1034,32234368,2020-03-28
1035,32234343,2020-03-28
1036,32234338,2020-03-28
1037,32234312,2020-03-28
1038,32234303,2020-03-28
1039,32234250,2020-03-28
1040,32234175,NA
1041,32234150,NA
1042,32234149,NA
1043,32234132,NA
1044,32234131,NA
1045,32234130,2020-04-01
1046,32234128,2020-04-01
1047,32234127,2020-04-01
1048,32234126,2020-04-01
1049,32234121,NA
1050,32234119,NA
1051,32234117,NA
1052,32234116,NA
1053,32234115,NA
1054,32234108,2020-04-01
1055,32234107,2020-04-01
1056,32234102,2020-04-01
1057,32234101,2020-04-01
1058,32234091,2020-04-01
1059,32234064,2020-03-31
1060,32233980,2020-04-01
1061,32233973,2020-04-01
1062,32233972,2020-04-01
1063,32233967,2020-04-01
1064,32233935,2020-04-01
1065,32233926,2020-04-01
1066,32233915,2020-04-01
1067,32233876,2020-03-28
1068,32233816,2020-04-01
1069,32233755,2020-04-01
1070,32233753,2020-04-01
1071,32233719,2020-03-31
1072,32233671,2020-04-01
1073,32233642,2020-03-17
1074,32233641,2020-03-31
1075,32233563,NA
1076,32233562,NA
1077,32233561,NA
1078,32233560,NA
1079,32233443,2020-04-08
1080,32233168,NA
1081,32233161,2020-03-30
1082,32233098,2020-03-31
1083,32233067,2020-03-31
1084,32233064,2020-03-31
1085,32233057,2020-03-31
1086,32233055,2020-03-31
1087,32233049,2020-03-31
1088,32233040,2020-03-31
1089,32233034,2020-03-31
1090,32233030,2020-03-31
1091,32233018,2020-03-31
1092,32233013,2020-03-31
1093,32232986,2020-03-31
1094,32232980,2020-03-31
1095,32232979,2020-03-31
1096,32232977,2020-03-31
1097,32232976,2020-03-31
1098,32232915,2020-03-30
1099,32232837,2020-03-30
1100,32232773,NA
1101,32232685,2020-03-30
1102,32232652,2020-03-30
1103,32232651,2020-03-30
1104,32232648,2020-03-30
1105,32232568,2020-03-30
1106,32232552,2020-03-30
1107,32232551,2020-03-30
1108,32232545,NA
1109,32232520,2020-03-30
1110,32232480,NA
1111,32232474,2020-03-31
1112,32232433,2020-03-31
1113,32232432,2020-03-31
1114,32232431,NA
1115,32232429,2020-03-31
1116,32232426,2020-03-31
1117,32232423,2020-03-31
1118,32232422,2020-03-31
1119,32232421,2020-03-31
1120,32232420,2020-03-31
1121,32232419,2020-03-31
1122,32232402,2020-03-31
1123,32232396,2020-03-31
1124,32232395,2020-03-31
1125,32232339,NA
1126,32232322,2020-03-31
1127,32232230,NA
1128,32232219,2020-03-25
1129,32232218,2020-03-24
1130,32232217,2020-03-23
1131,32232216,2020-03-23
1132,32232215,2020-03-22
1133,32232214,2020-03-21
1134,32232213,2020-03-13
1135,32231392,2020-03-31
1136,32231374,2020-03-31
1137,32231349,2020-03-31
1138,32231348,2020-03-30
1139,32231345,2020-03-30
1140,32231330,2020-03-30
1141,32231328,2020-03-30
1142,32231320,2020-03-30
1143,32231220,2020-03-30
1144,32231173,2020-03-31
1145,32231172,2020-03-31
1146,32231171,2020-03-31
1147,32230995,2020-03-27
1148,32230900,2020-03-27
1149,32229802,2020-03-31
1150,32229768,2020-03-30
1151,32229766,2020-03-25
1152,32229753,2020-03-30
1153,32229732,2020-03-31
1154,32229706,2020-03-30
1155,32229705,2020-03-31
1156,32229647,2020-03-25
1157,32229646,NA
1158,32229605,2020-03-30
1159,32229604,2020-03-30
1160,32229575,2020-03-30
1161,32229574,2020-03-30
1162,32229543,2020-03-30
1163,32229540,2020-03-30
1164,32229501,NA
1165,32229477,2020-03-30
1166,32229434,2020-03-31
1167,32229433,2020-03-31
1168,32229390,2020-03-20
1169,32229322,2020-03-25
1170,32229297,2020-03-27
1171,32229288,2020-03-27
1172,32229286,2020-03-27
1173,32229278,2020-03-27
1174,32229257,2020-03-27
1175,32229159,2020-03-27
1176,32229157,2020-03-27
1177,32229155,2020-03-27
1178,32229132,2020-03-27
1179,32229131,2020-03-27
1180,32229107,2020-03-27
1181,32229082,2020-03-26
1182,32229062,2020-03-27
1183,32229048,2020-03-27
1184,32228860,2020-03-31
1185,32228825,2020-03-31
1186,32228809,2020-03-31
1187,32228808,2020-03-31
1188,32228738,2020-03-31
1189,32228737,2020-03-31
1190,32228732,2020-03-31
1191,32228369,2020-03-31
1192,32228364,2020-03-31
1193,32228363,2020-03-31
1194,32228362,2020-03-31
1195,32228332,2020-03-31
1196,32228322,2020-03-31
1197,32228309,2020-03-31
1198,32228252,2020-03-31
1199,32228226,NA
1200,32228222,NA
1201,32228035,2020-03-30
1202,32227916,2020-03-31
1203,32227844,2020-04-09
1204,32227819,2020-04-01
1205,32227799,2020-02-27
1206,32227794,2020-03-31
1207,32227793,2020-03-31
1208,32227760,2020-03-30
1209,32227759,2020-03-30
1210,32227758,2020-03-30
1211,32227757,2020-03-30
1212,32227671,2020-03-30
1213,32227668,2020-03-30
1214,32227663,2020-03-30
1215,32227642,2020-03-30
1216,32227627,NA
1217,32227609,2020-03-30
1218,32227596,2020-03-30
1219,32227594,2020-03-30
1220,32227551,2020-03-30
1221,32227547,2020-03-30
1222,32227494,2020-03-30
1223,32227493,2020-03-30
1224,32227492,2020-03-30
1225,32227490,2020-03-30
1226,32227489,2020-03-30
1227,32227488,2020-03-30
1228,32227474,2020-03-30
1229,32227357,2020-03-29
1230,32227274,2020-03-29
1231,32227250,2020-03-29
1232,32227236,2020-03-31
1233,32227218,2020-03-30
1234,32227214,2020-03-30
1235,32227200,2020-03-30
1236,32227199,2020-03-30
1237,32227189,2020-03-30
1238,32227186,2020-03-29
1239,32227177,2020-03-02
1240,32227141,2020-03-30
1241,32227123,2020-03-30
1242,32227121,2020-03-30
1243,32227120,2020-03-30
1244,32227091,2020-03-30
1245,32227090,2020-03-30
1246,32227076,2020-03-30
1247,32226962,2020-03-26
1248,32226946,2020-03-17
1249,32226823,2020-03-02
1250,32226821,2020-03-12
1251,32226695,2020-03-20
1252,32226636,2020-03-27
1253,32226353,2020-03-27
1254,32226295,2020-03-15
1255,32226294,2020-03-15
1256,32226293,2020-03-15
1257,32226292,2020-03-15
1258,32226291,2020-03-15
1259,32226290,2020-03-15
1260,32226289,2020-03-15
1261,32226288,2020-03-15
1262,32226287,2020-03-15
1263,32226286,2020-03-15
1264,32226285,2020-03-15
1265,32226284,2020-03-15
1266,32226003,NA
1267,32225995,2020-03-31
1268,32225178,2020-03-30
1269,32225177,2020-03-30
1270,32225176,2020-03-30
1271,32225175,2020-03-30
1272,32225137,2020-03-30
1273,32225135,2020-03-30
1274,32225133,2020-03-27
1275,32225019,2020-03-26
1276,32224986,2020-03-26
1277,32224769,2020-03-27
1278,32224712,2020-03-26
1279,32224711,2020-03-27
1280,32224710,2020-03-27
1281,32224612,2020-03-30
1282,32224550,2020-03-30
1283,32224494,2020-03-29
1284,32224344,2020-03-21
1285,32224313,2020-03-27
1286,32224310,2020-03-27
1287,32224308,2020-03-27
1288,32224304,2020-03-27
1289,32224303,2020-03-27
1290,32224299,2020-03-27
1291,32224296,2020-03-27
1292,32224295,2020-03-27
1293,32224294,2020-03-28
1294,32224277,2020-03-26
1295,32224276,2020-03-26
1296,32224232,2020-03-26
1297,32224164,2020-03-26
1298,32224151,2020-03-26
1299,32224133,2020-03-23
1300,32224117,2020-03-19
1301,32224116,2020-03-19
1302,32224074,2020-03-26
1303,32223988,2020-03-26
1304,32223871,2020-03-27
1305,32223870,2020-03-15
1306,32223856,NA
1307,32223840,2020-03-30
1308,32223782,2020-03-30
1309,32223776,2020-03-30
1310,32223774,2020-03-30
1311,32223769,2020-03-30
1312,32223768,2020-03-30
1313,32223767,2020-03-30
1314,32223725,2020-03-27
1315,32223716,2020-03-30
1316,32223707,NA
1317,32223697,2020-03-30
1318,32223689,2020-03-30
1319,32223665,2020-03-30
1320,32223581,2020-03-30
1321,32223555,2020-03-30
1322,32223552,2020-03-30
1323,32223490,2020-03-29
1324,32223477,2020-04-07
1325,32223353,2020-03-28
1326,32223317,2020-03-30
1327,32223179,2020-04-09
1328,32223077,2020-03-29
1329,32223073,2020-03-29
1330,32223072,2020-03-29
1331,32223068,2020-03-29
1332,32223063,2020-03-29
1333,32223012,2020-03-29
1334,32223004,2020-03-29
1335,32223003,2020-03-29
1336,32222995,2020-03-29
1337,32222993,2020-03-29
1338,32222992,2020-03-29
1339,32222988,2020-03-29
1340,32222986,2020-03-29
1341,32222956,2020-03-28
1342,32222911,2020-03-28
1343,32222883,2020-03-28
1344,32222828,2020-03-28
1345,32222820,2020-03-28
1346,32222812,2020-03-28
1347,32222804,2020-03-28
1348,32222763,2020-03-28
1349,32222720,2020-03-30
1350,32222713,2020-03-28
1351,32222703,2020-03-27
1352,32222700,2020-03-28
1353,32222587,2020-03-25
1354,32222466,2020-03-25
1355,32222463,2020-03-25
1356,32222433,2020-03-25
1357,32222421,2020-03-25
1358,32222420,2020-03-25
1359,32222346,2020-03-25
1360,32222336,2020-03-25
1361,32222253,2020-03-25
1362,32222251,2020-03-25
1363,32222208,NA
1364,32222198,NA
1365,32222191,NA
1366,32222188,NA
1367,32222187,NA
1368,32222186,NA
1369,32222181,NA
1370,32222169,2020-03-26
1371,32222168,2020-03-26
1372,32222167,2020-03-26
1373,32222166,2020-03-26
1374,32222165,2020-03-26
1375,32222164,2020-03-26
1376,32222163,2020-03-26
1377,32222162,2020-03-26
1378,32222161,2020-03-26
1379,32222159,2020-03-26
1380,32222158,2020-03-26
1381,32222122,NA
1382,32222121,NA
1383,32222119,2020-03-28
1384,32222091,2020-03-28
1385,32222047,2020-03-28
1386,32222027,2020-03-27
1387,32221983,2020-03-27
1388,32221976,2020-03-27
1389,32221974,2020-03-27
1390,32221973,2020-03-27
1391,32221970,2020-03-27
1392,32221964,2020-03-27
1393,32221852,2020-03-27
1394,32221725,2020-03-27
1395,32221693,2020-03-27
1396,32221635,2020-03-27
1397,32221579,2020-03-28
1398,32221526,2020-03-28
1399,32221523,2020-03-28
1400,32221519,2020-03-28
1401,32221515,2020-03-28
1402,32221514,2020-03-27
1403,32221513,2020-03-27
1404,32221512,2020-03-27
1405,32221507,2020-04-07
1406,32221306,2020-03-27
1407,32221278,2020-03-27
1408,32221172,2020-03-25
1409,32221171,2020-03-26
1410,32221165,2020-03-25
1411,32221153,2020-03-26
1412,32221132,2020-03-26
1413,32221117,2020-03-26
1414,32221059,2020-03-27
1415,32221057,2020-03-28
1416,32221023,2020-03-27
1417,32221003,NA
1418,32221002,NA
1419,32221001,NA
1420,32220991,NA
1421,32220989,NA
1422,32220986,NA
1423,32220930,2020-03-27
1424,32220929,2020-03-27
1425,32220899,2020-03-27
1426,32220898,2020-03-27
1427,32220878,2020-03-27
1428,32220877,2020-03-27
1429,32220865,2020-03-27
1430,32220863,2020-03-27
1431,32220862,2020-03-27
1432,32220851,2020-03-27
1433,32220832,2020-03-27
1434,32220829,2020-03-27
1435,32220826,2020-03-27
1436,32220710,2020-03-21
1437,32220663,2020-03-25
1438,32220660,2020-03-25
1439,32220659,2020-03-25
1440,32220657,2020-03-25
1441,32220656,2020-03-25
1442,32220655,2020-03-25
1443,32220654,2020-03-25
1444,32220653,2020-03-25
1445,32220651,2020-03-25
1446,32220650,2020-03-25
1447,32220634,2020-03-24
1448,32220612,2020-03-24
1449,32220611,2020-03-24
1450,32220590,2020-03-24
1451,32220575,2020-03-24
1452,32220574,2020-03-13
1453,32220557,2020-03-16
1454,32220422,2020-03-24
1455,32220344,NA
1456,32220310,2020-03-26
1457,32220289,2020-03-24
1458,32220285,2020-03-24
1459,32220284,2020-03-24
1460,32220279,2020-03-24
1461,32220278,2020-03-24
1462,32220277,2020-03-24
1463,32220276,2020-03-28
1464,32220275,2020-03-28
1465,32220243,2020-03-27
1466,32220236,2020-03-27
1467,32220208,2020-03-27
1468,32220207,2020-03-27
1469,32220206,2020-03-27
1470,32220205,2020-03-27
1471,32220204,2020-03-27
1472,32220203,2020-03-27
1473,32220202,2020-03-27
1474,32220201,2020-03-27
1475,32220200,2020-03-27
1476,32220181,NA
1477,32220180,NA
1478,32220179,NA
1479,32220178,NA
1480,32220177,NA
1481,32220112,2020-03-27
1482,32220066,2020-03-27
1483,32220035,2020-03-27
1484,32220033,2020-03-27
1485,32220020,2020-03-27
1486,32220017,2020-03-27
1487,32219995,2020-03-26
1488,32219888,2020-03-27
1489,32219885,2020-03-26
1490,32219882,2020-03-26
1491,32219871,2020-03-26
1492,32219857,2020-03-26
1493,32219846,2020-03-26
1494,32219845,2020-03-26
1495,32219814,NA
1496,32219674,2020-03-27
1497,32219671,NA
1498,32219627,2020-03-26
1499,32219626,2020-03-26
1500,32219625,2020-03-26
1501,32219471,2020-03-26
1502,32219440,2020-03-27
1503,32219429,2020-03-27
1504,32219428,2020-03-27
1505,32219410,2020-03-27
1506,32219398,2020-03-27
1507,32219367,2020-03-27
1508,32219363,2020-03-27
1509,32219362,2020-03-27
1510,32219360,2020-03-27
1511,32219357,2020-03-27
1512,32219356,2020-03-27
1513,32219057,2020-03-03
1514,32219006,2020-03-11
1515,32218915,2020-03-16
1516,32218613,2020-03-24
1517,32218558,NA
1518,32218554,NA
1519,32218548,2020-03-26
1520,32218546,NA
1521,32218527,2020-03-26
1522,32218525,2020-03-26
1523,32218340,2020-03-25
1524,32218151,2020-03-25
1525,32218028,NA
1526,32217947,2020-03-26
1527,32217900,2020-03-25
1528,32217835,2020-03-27
1529,32217834,2020-03-27
1530,32217754,2020-03-26
1531,32217720,NA
1532,32217719,NA
1533,32217707,NA
1534,32217706,NA
1535,32217705,NA
1536,32217657,2020-03-26
1537,32217650,2020-03-26
1538,32217649,2020-03-26
1539,32217624,2020-03-26
1540,32217618,2020-03-26
1541,32217609,2020-03-26
1542,32217607,2020-03-26
1543,32217556,2020-03-26
1544,32217555,2020-03-26
1545,32217547,2020-03-26
1546,32217534,2020-03-26
1547,32217532,2020-03-26
1548,32217531,2020-03-26
1549,32217530,2020-03-26
1550,32217525,2020-03-26
1551,32217522,2020-03-26
1552,32217520,2020-03-26
1553,32217507,2020-04-01
1554,32217506,2020-03-27
1555,32217166,2020-03-27
1556,32217117,2020-03-23
1557,32217113,2020-03-23
1558,32217104,2020-03-23
1559,32217082,2020-03-23
1560,32216962,2020-03-23
1561,32216961,2020-03-23
1562,32216893,NA
1563,32216872,2020-03-27
1564,32216866,2020-03-27
1565,32216865,2020-03-27
1566,32216864,2020-03-27
1567,32216863,2020-03-27
1568,32216858,2020-03-27
1569,32216803,2020-03-26
1570,32216719,2020-03-27
1571,32216717,2019-03-27
1572,32216698,2020-03-27
1573,32216653,NA
1574,32216640,2020-03-27
1575,32216634,2020-03-27
1576,32216577,2020-03-27
1577,32216550,2020-03-26
1578,32216248,2020-03-26
1579,32216132,2020-03-26
1580,32216130,2020-03-26
1581,32216114,2020-03-26
1582,32216110,2020-03-26
1583,32216009,2020-03-26
1584,32215977,2020-03-25
1585,32215956,2020-03-25
1586,32215952,2020-03-26
1587,32215931,2020-03-25
1588,32215898,2020-03-26
1589,32215896,2020-03-26
1590,32215807,NA
1591,32215760,2020-03-25
1592,32215691,2020-03-25
1593,32215677,2020-03-25
1594,32215647,2020-03-26
1595,32215641,2020-03-26
1596,32215622,2020-03-26
1597,32215618,2020-03-26
1598,32215613,2020-03-26
1599,32215598,2020-03-26
1600,32215590,2020-03-26
1601,32215589,2020-03-26
1602,32215581,2020-03-26
1603,32215579,2020-03-26
1604,32215548,2020-03-26
1605,32215535,2020-03-23
1606,32215461,2020-03-23
1607,32215365,2020-03-06
1608,32214286,NA
1609,32214232,2020-03-25
1610,32214231,2020-03-25
1611,32214086,2020-03-27
1612,32214083,2020-03-27
1613,32214079,2020-03-27
1614,32213786,2020-03-19
1615,32213775,2020-03-26
1616,32213760,2020-03-26
1617,32213700,NA
1618,32213647,2020-03-25
1619,32213646,2020-03-25
1620,32213556,2020-03-24
1621,32213508,2020-03-25
1622,32213507,2020-03-25
1623,32213506,2020-03-25
1624,32213488,2020-03-25
1625,32213487,2020-03-25
1626,32213482,2020-03-25
1627,32213480,2020-03-25
1628,32213476,2020-03-26
1629,32213339,2020-03-23
1630,32213337,2020-03-23
1631,32213336,2020-03-23
1632,32213335,2020-03-23
1633,32213332,2020-03-23
1634,32213330,2020-03-23
1635,32213329,2020-03-23
1636,32213326,2020-03-23
1637,32213325,2020-03-23
1638,32213307,2020-03-22
1639,32213305,2020-03-22
1640,32213270,2020-03-26
1641,32213269,2020-03-26
1642,32213268,2020-03-26
1643,32213267,2020-03-26
1644,32213232,2020-03-26
1645,32213231,2020-03-26
1646,32213224,2020-03-26
1647,32213152,2020-02-27
1648,32213081,2020-03-26
1649,32212981,2020-03-25
1650,32212942,2020-03-26
1651,32212931,2020-03-26
1652,32212930,2020-03-26
1653,32212881,2020-03-26
1654,32212779,2020-03-01
1655,32212540,NA
1656,32212516,2020-03-25
1657,32212513,2020-03-25
1658,32212512,2020-03-25
1659,32212409,2020-03-25
1660,32212392,2020-03-25
1661,32212386,2020-03-25
1662,32212378,2020-03-25
1663,32212348,2020-03-25
1664,32212240,2020-03-24
1665,32212141,NA
1666,32212140,NA
1667,32212122,2020-03-25
1668,32212103,2020-03-24
1669,32212099,2020-03-24
1670,32212059,2020-03-25
1671,32212058,2020-03-23
1672,32211963,2020-03-24
1673,32211920,2020-03-24
1674,32211911,2020-03-25
1675,32211844,2020-03-25
1676,32211831,2020-03-25
1677,32211820,2020-03-25
1678,32211816,2020-03-25
1679,32211809,2020-03-25
1680,32211801,2020-03-23
1681,32211799,2020-03-23
1682,32211789,2020-03-25
1683,32211771,2020-03-24
1684,32211765,2020-03-24
1685,32211755,2020-03-25
1686,32211279,2020-03-20
1687,32210742,2020-03-18
1688,32210741,2020-03-17
1689,32210483,NA
1690,32210421,2020-03-25
1691,32210386,NA
1692,32210385,NA
1693,32210384,NA
1694,32210377,NA
1695,32210236,2020-03-24
1696,32210130,2020-03-23
1697,32209891,2020-03-23
1698,32209890,2020-03-20
1699,32209888,2020-03-17
1700,32209811,2020-03-23
1701,32209810,2020-03-23
1702,32209661,2020-03-24
1703,32209598,2020-03-24
1704,32209588,2020-03-24
1705,32209559,2020-03-24
1706,32209558,2020-03-24
1707,32209554,2020-03-24
1708,32209551,2020-03-24
1709,32209549,2020-03-24
1710,32209548,2020-03-24
1711,32209544,2020-03-24
1712,32209542,2020-03-24
1713,32209539,2020-03-24
1714,32209526,2020-03-25
1715,32209502,2020-03-25
1716,32209385,2020-03-21
1717,32209384,2020-03-21
1718,32209383,2020-03-21
1719,32209382,2020-03-21
1720,32209381,2020-03-21
1721,32209313,2020-03-21
1722,32209276,2020-03-21
1723,32209231,2020-02-26
1724,32209226,2020-03-25
1725,32209164,NA
1726,32209163,NA
1727,32209118,2020-03-25
1728,32208987,2020-03-25
1729,32208983,2020-03-25
1730,32208917,NA
1731,32208840,NA
1732,32208497,2020-03-24
1733,32208495,2020-03-24
1734,32208494,2020-03-24
1735,32208493,2020-03-24
1736,32208486,2020-03-24
1737,32208485,2020-03-24
1738,32208481,2020-03-24
1739,32208140,2020-03-24
1740,32208139,2020-03-24
1741,32208138,2020-03-24
1742,32208010,2020-03-24
1743,32207994,2020-03-24
1744,32207983,2020-03-24
1745,32207910,2020-03-24
1746,32207808,NA
1747,32207807,NA
1748,32207680,2020-03-24
1749,32207679,2020-03-24
1750,32207676,2020-03-24
1751,32207674,2020-03-24
1752,32207592,NA
1753,32207591,NA
1754,32207542,2020-03-24
1755,32207541,2020-03-24
1756,32207540,2020-03-24
1757,32207377,NA
1758,32207257,2020-03-20
1759,32207256,2020-03-20
1760,32207255,2020-03-20
1761,32207208,2020-03-24
1762,32207189,2020-03-23
1763,32207068,NA
1764,32207032,2020-03-24
1765,32206694,2020-03-05
1766,32206052,2020-03-20
1767,32205937,NA
1768,32205856,2020-03-23
1769,32205822,2020-03-20
1770,32205796,2020-03-17
1771,32205711,2020-03-19
1772,32205709,2020-03-19
1773,32205644,2020-03-20
1774,32205459,2020-03-23
1775,32205458,2020-03-23
1776,32205399,2020-03-23
1777,32205356,2020-03-23
1778,32205354,2020-03-23
1779,32205349,2020-03-23
1780,32205342,2020-03-23
1781,32205336,2020-03-22
1782,32205334,2020-03-23
1783,32205321,2020-03-23
1784,32205317,2020-03-23
1785,32205309,2020-03-23
1786,32205306,2020-03-23
1787,32205284,2020-03-20
1788,32205272,2020-03-20
1789,32205271,2020-03-20
1790,32205270,2020-03-20
1791,32205269,2020-03-20
1792,32205268,2020-03-20
1793,32205267,2020-03-20
1794,32205232,2020-03-20
1795,32205220,2020-03-20
1796,32205204,2020-03-20
1797,32205186,2020-03-20
1798,32205162,2020-03-20
1799,32205161,2020-03-20
1800,32205140,2020-03-20
1801,32205138,2020-03-20
1802,32205120,2020-03-20
1803,32205119,2020-03-20
1804,32205092,2020-03-11
1805,32205091,2020-03-14
1806,32205090,2020-03-14
1807,32205073,2020-03-20
1808,32204990,2020-03-20
1809,32204987,2020-03-20
1810,32204949,2020-03-20
1811,32204922,2020-03-20
1812,32204758,NA
1813,32204757,NA
1814,32204756,NA
1815,32204755,NA
1816,32204754,NA
1817,32204753,NA
1818,32204752,NA
1819,32204751,NA
1820,32204750,NA
1821,32204411,2020-03-19
1822,32203977,2020-03-23
1823,32203970,2020-03-23
1824,32203757,2020-03-13
1825,32203711,2020-03-20
1826,32203710,2020-03-20
1827,32203709,2020-03-20
1828,32203708,2020-03-20
1829,32203693,2020-03-20
1830,32203680,2020-03-20
1831,32203672,2020-03-23
1832,32203671,2020-03-23
1833,32203437,2020-03-23
1834,32203363,2020-03-18
1835,32203324,2020-03-23
1836,32203269,2020-03-23
1837,32203189,2020-03-19
1838,32203188,2020-03-19
1839,32203186,2020-03-17
1840,32202993,2020-03-23
1841,32202977,2020-03-23
1842,32202911,2020-03-23
1843,32202824,2020-03-23
1844,32202722,2020-03-23
1845,32202659,2020-03-23
1846,32202647,2020-03-23
1847,32202646,2020-03-02
1848,32202641,2020-03-02
1849,32202635,2020-03-23
1850,32202553,NA
1851,32202513,2020-03-23
1852,32202489,2020-03-23
1853,32202421,2020-03-23
1854,32202420,2020-03-23
1855,32202401,2020-03-23
1856,32202343,2020-03-23
1857,32202336,2020-03-23
1858,32202261,2020-03-23
1859,32202260,2020-03-20
1860,32202258,2020-03-16
1861,32202257,2020-03-23
1862,32202256,2020-03-11
1863,32202240,2020-03-22
1864,32202064,2020-03-23
1865,32202041,2020-03-22
1866,32202002,2020-03-22
1867,32201983,2020-03-23
1868,32201972,2020-03-22
1869,32201889,2020-03-23
1870,32201554,2020-02-24
1871,32201449,2020-03-11
1872,32201376,2020-03-22
1873,32201354,2020-03-19
1874,32201353,2020-03-19
1875,32201339,2020-03-19
1876,32201338,2020-03-19
1877,32201335,2020-03-18
1878,32201224,2020-03-19
1879,32201156,2020-03-19
1880,32201155,2020-03-19
1881,32201080,2020-03-19
1882,32201054,2020-03-19
1883,32200994,2020-03-19
1884,32200663,2020-03-21
1885,32200654,2020-03-23
1886,32200645,2020-03-23
1887,32200634,2020-03-24
1888,32200613,2020-03-23
1889,32200489,NA
1890,32200400,NA
1891,32200399,NA
1892,32200398,NA
1893,32200109,2020-03-18
1894,32199996,2020-03-19
1895,32199943,2020-03-19
1896,32199941,2020-03-18
1897,32199938,2020-03-16
1898,32199889,2020-03-18
1899,32199880,2020-03-18
1900,32199877,2020-03-19
1901,32199864,2020-03-10
1902,32199792,2020-03-18
1903,32199615,2020-03-18
1904,32199511,NA
1905,32199510,NA
1906,32199494,2020-03-19
1907,32199493,2020-03-19
1908,32199479,NA
1909,32199478,NA
1910,32199474,NA
1911,32199471,2020-03-19
1912,32199470,2020-03-19
1913,32199469,2020-03-19
1914,32199468,2020-03-19
1915,32199457,2020-03-21
1916,32199182,2020-03-12
1917,32199142,2020-03-12
1918,32199105,NA
1919,32199083,2020-03-18
1920,32199075,2020-03-18
1921,32199074,2020-03-18
1922,32199073,2020-03-18
1923,32199072,2020-03-18
1924,32198989,2020-02-25
1925,32198988,2020-02-25
1926,32198987,2020-02-25
1927,32198986,2020-02-25
1928,32198985,2020-02-25
1929,32198984,2020-02-25
1930,32198983,2020-02-25
1931,32198918,NA
1932,32198915,2020-03-21
1933,32198834,2020-03-20
1934,32198801,2020-03-21
1935,32198776,2020-03-21
1936,32198775,2020-03-20
1937,32198754,2020-03-21
1938,32198713,2020-03-20
1939,32198708,2020-03-20
1940,32198615,2020-03-21
1941,32198501,2020-03-21
1942,32198292,2020-03-20
1943,32198291,2020-03-20
1944,32198275,2020-03-20
1945,32198267,2020-03-20
1946,32198191,2020-03-20
1947,32198190,2020-03-20
1948,32198184,2020-03-20
1949,32198179,2020-03-20
1950,32198178,2020-03-20
1951,32198166,2020-03-20
1952,32198163,2020-03-20
1953,32198153,2020-03-20
1954,32198152,2020-03-20
1955,32198147,2020-03-20
1956,32198146,2020-03-20
1957,32198130,2020-03-20
1958,32198088,2020-03-18
1959,32198066,2020-03-18
1960,32198005,2020-03-10
1961,32198004,2020-03-10
1962,32197957,2020-03-17
1963,32197787,2020-03-17
1964,32197339,2020-03-18
1965,32197274,2020-03-20
1966,32197238,2020-03-20
1967,32197116,2020-03-17
1968,32197108,2020-03-17
1969,32197104,2020-03-17
1970,32197103,2020-03-17
1971,32197098,2020-03-17
1972,32197096,2020-03-17
1973,32197093,2020-03-17
1974,32197085,2020-03-19
1975,32197060,2020-03-20
1976,32197059,2020-03-20
1977,32197002,2020-03-20
1978,32196995,2020-03-20
1979,32196983,2020-03-20
1980,32196933,2020-03-20
1981,32196707,2020-03-20
1982,32196703,2020-03-20
1983,32196700,2020-03-20
1984,32196678,2020-03-20
1985,32196655,2020-03-20
1986,32196628,NA
1987,32196627,NA
1988,32196544,2020-03-20
1989,32196453,2020-03-20
1990,32196430,NA
1991,32196426,2020-03-20
1992,32196410,NA
1993,32196406,2020-03-20
1994,32196391,2020-03-20
1995,32196387,2020-03-20
1996,32196116,2020-03-20
1997,32196087,2020-03-20
1998,32196083,2020-03-20
1999,32196079,2020-03-20
2000,32196071,2020-03-20
2001,32195887,2020-03-17
2002,32195824,NA
2003,32195705,2020-03-26
2004,32195704,2020-03-30
2005,32195703,2020-03-25
2006,32195700,2020-03-27
2007,32195699,2020-03-26
2008,32195698,2020-03-27
2009,32195687,2020-03-18
2010,32195311,2020-02-24
2011,32194995,2020-03-06
2012,32194981,2020-03-18
2013,32194980,2020-03-16
2014,32194944,2020-02-21
2015,32194290,2020-03-20
2016,32194253,2020-03-17
2017,32194247,2020-03-17
2018,32194239,2020-03-16
2019,32194236,2020-03-16
2020,32194152,2020-03-17
2021,32194034,2020-03-16
2022,32193906,2020-03-23
2023,32193905,2020-03-23
2024,32193904,2020-03-23
2025,32193883,2020-03-19
2026,32193831,2020-03-19
2027,32193638,2020-03-19
2028,32193637,2020-03-19
2029,32193550,2020-03-20
2030,32193352,2020-03-19
2031,32193330,NA
2032,32193314,NA
2033,32193305,NA
2034,32193300,NA
2035,32193299,NA
2036,32193197,2020-03-19
2037,32193174,2020-03-19
2038,32193037,2020-03-12
2039,32192856,2020-03-16
2040,32192816,2020-03-17
2041,32192711,2020-03-17
2042,32192627,2020-03-16
2043,32192586,2020-03-17
2044,32192583,2020-03-16
2045,32192582,2020-03-17
2046,32192580,2020-03-17
2047,32192578,2020-03-16
2048,32192550,2020-03-20
2049,32192541,2020-03-20
2050,32192424,2020-03-19
2051,32192297,NA
2052,32192296,NA
2053,32192295,NA
2054,32192294,NA
2055,32192278,2020-03-19
2056,32192247,2020-03-06
2057,32192233,2020-03-19
2058,32191830,NA
2059,32191813,2020-03-19
2060,32191764,2020-03-19
2061,32191691,2020-03-20
2062,32191689,2020-03-20
2063,32191676,2020-03-19
2064,32191675,2020-03-19
2065,32191623,2020-03-19
2066,32191588,2020-03-19
2067,32191587,2020-03-19
2068,32191350,2020-03-19
2069,32191341,NA
2070,32191340,2020-03-19
2071,32191260,2020-03-19
2072,32191259,2020-03-19
2073,32191174,2020-01-31
2074,32191173,2020-03-19
2075,32191167,NA
2076,32191143,2020-03-19
2077,32190908,2020-03-19
2078,32190904,2020-03-19
2079,32190890,2020-03-19
2080,32190785,2020-02-29
2081,32190575,NA
2082,32190290,2020-03-16
2083,32189489,2020-03-19
2084,32189463,2020-03-18
2085,32189460,2020-03-18
2086,32189428,2020-03-18
2087,32189175,2020-03-18
2088,32189136,2020-03-18
2089,32189081,2020-03-18
2090,32189015,NA
2091,32189010,2020-03-18
2092,32188819,2020-03-19
2093,32188776,2020-03-18
2094,32188753,2020-03-18
2095,32188602,2020-03-18
2096,32188598,2020-03-18
2097,32188590,2020-03-18
2098,32188586,2020-03-18
2099,32188528,2020-03-19
2100,32188484,2020-03-18
2101,32188482,2020-03-18
2102,32188445,2020-03-18
2103,32188308,2020-03-18
2104,32187929,NA
2105,32187921,NA
2106,32187920,NA
2107,32187887,2020-03-18
2108,32187834,2020-03-18
2109,32187818,2020-03-18
2110,32187489,NA
2111,32187464,2020-03-18
2112,32187463,2020-03-18
2113,32187460,2020-03-18
2114,32187459,2020-03-18
2115,32187458,2020-03-18
2116,32187421,2020-03-18
2117,32187288,2020-03-13
2118,32187257,2020-03-16
2119,32187007,2020-03-18
2120,32186952,2020-03-18
2121,32186951,2020-03-18
2122,32186894,2020-03-18
2123,32186711,2020-03-18
2124,32186661,2020-03-18
2125,32186279,NA
2126,32186278,2020-03-16
2127,32186277,2020-03-16
2128,32186172,2020-03-18
2129,32186171,2020-03-18
2130,32185921,NA
2131,32185669,2020-03-17
2132,32185635,NA
2133,32185371,2020-03-16
2134,32185370,2020-03-12
2135,32185369,2020-03-09
2136,32185368,2020-02-02
2137,32184486,NA
2138,32184276,2020-03-17
2139,32184233,2020-03-17
2140,32184232,2020-03-17
2141,32184216,2020-03-17
2142,32184209,2020-03-17
2143,32184208,2020-03-17
2144,32184206,2020-03-17
2145,32184205,2020-03-17
2146,32184201,2020-03-17
2147,32184199,2020-03-17
2148,32184132,2020-03-14
2149,32184131,2020-03-14
2150,32184130,2020-03-14
2151,32184129,2020-03-14
2152,32184128,2020-03-14
2153,32183941,2020-03-16
2154,32183937,NA
2155,32183935,NA
2156,32183934,NA
2157,32183930,NA
2158,32183920,2020-03-18
2159,32183901,2020-03-17
2160,32183864,2020-03-18
2161,32183357,2020-03-14
2162,32183172,2020-03-13
2163,32182811,2020-03-09
2164,32182724,2020-03-08
2165,32182409,2020-03-17
2166,32182347,2020-03-17
2167,32182131,2020-03-17
2168,32181990,2020-03-17
2169,32181969,2020-03-17
2170,32181911,2020-03-17
2171,32181904,2020-03-17
2172,32181903,2020-03-17
2173,32181901,2020-03-17
2174,32181874,NA
2175,32181873,NA
2176,32181864,NA
2177,32181807,2020-03-17
2178,32181795,2020-03-17
2179,32181680,2020-03-17
2180,32181672,2020-03-17
2181,32181577,2020-03-17
2182,32181488,2020-03-17
2183,32181483,2020-03-17
2184,32181302,2020-02-26
2185,32180426,2020-03-17
2186,32180292,2020-03-17
2187,32180224,2020-03-16
2188,32180175,2020-03-16
2189,32180173,2020-03-16
2190,32180157,2020-03-16
2191,32180140,2020-03-16
2192,32179910,2020-03-17
2193,32179908,2020-03-17
2194,32179890,2020-03-17
2195,32179860,NA
2196,32179702,2020-03-16
2197,32179659,2020-03-16
2198,32179567,2020-03-16
2199,32179533,2020-03-16
2200,32179517,2020-03-16
2201,32179508,2020-03-16
2202,32179380,2020-03-10
2203,32179150,2020-03-13
2204,32179140,2020-03-13
2205,32179137,2020-03-13
2206,32179126,2020-03-13
2207,32179125,2020-03-14
2208,32179124,2020-03-13
2209,32179123,2020-03-13
2210,32179122,2020-03-13
2211,32179106,2020-03-14
2212,32178975,2020-03-13
2213,32178970,2020-03-10
2214,32178954,2020-02-28
2215,32178774,2020-03-13
2216,32178769,2020-03-13
2217,32178768,2020-03-13
2218,32178767,2020-03-13
2219,32178762,2020-03-13
2220,32178716,2020-03-16
2221,32178711,2020-03-16
2222,32178593,2020-03-17
2223,32178547,NA
2224,32176808,2020-03-16
2225,32176775,2020-03-16
2226,32176772,2020-03-16
2227,32176764,2020-03-16
2228,32176361,2020-03-16
2229,32176356,2020-03-16
2230,32176272,2020-03-16
2231,32176257,2020-03-16
2232,32175814,2020-03-16
2233,32175797,2020-03-16
2234,32175719,2020-03-16
2235,32175703,NA
2236,32175637,2020-03-16
2237,32175437,NA
2238,32175421,NA
2239,32175070,2020-02-21
2240,32175069,2020-02-21
2241,32175068,2020-02-21
2242,32174284,2020-03-15
2243,32174267,2020-03-16
2244,32174129,2020-03-14
2245,32174128,2020-03-14
2246,32174096,2020-03-16
2247,32174095,2020-03-16
2248,32174094,2020-03-16
2249,32174069,2020-03-16
2250,32174057,2020-03-13
2251,32174056,2020-03-13
2252,32174055,2020-03-13
2253,32174054,2020-03-13
2254,32174053,2020-03-05
2255,32173883,2020-03-15
2256,32173855,2020-03-15
2257,32173725,2020-03-16
2258,32173576,2020-03-12
2259,32173574,2020-03-12
2260,32173572,2020-03-12
2261,32173458,2020-03-12
2262,32173287,2020-02-13
2263,32173241,2020-03-04
2264,32173188,2020-03-12
2265,32173110,2020-03-10
2266,32172672,2020-03-14
2267,32172669,2020-03-14
2268,32172550,2020-03-16
2269,32172546,2020-03-15
2270,32172487,2020-03-14
2271,32172228,2020-03-16
2272,32172227,2020-03-16
2273,32172226,2020-03-16
2274,32172175,2020-03-10
2275,32171952,2020-03-11
2276,32171951,2020-03-11
2277,32171948,2020-03-11
2278,32171882,2020-03-11
2279,32171872,2020-03-11
2280,32171869,2020-03-19
2281,32171867,2020-03-20
2282,32171866,2020-03-27
2283,32171865,2020-03-20
2284,32171808,2020-03-18
2285,32171807,2020-03-11
2286,32171806,2020-03-11
2287,32171754,2020-03-11
2288,32171740,2020-03-12
2289,32171622,2020-03-11
2290,32171450,2020-01-30
2291,32171390,2020-03-12
2292,32171389,2020-03-12
2293,32171194,2020-03-15
2294,32171193,2020-03-14
2295,32171191,2020-03-15
2296,32171190,2020-03-15
2297,32171189,2020-03-14
2298,32171076,2020-03-11
2299,32171075,2020-03-11
2300,32171074,2020-03-11
2301,32171067,2020-03-11
2302,32171063,2020-03-11
2303,32171062,2020-03-11
2304,32171059,2020-03-11
2305,32171057,2020-03-11
2306,32171055,2020-03-11
2307,32171054,2020-03-11
2308,32170953,2020-03-14
2309,32170898,2020-03-14
2310,32170865,2020-03-14
2311,32170806,2020-03-14
2312,32170800,2020-03-13
2313,32170625,2020-03-05
2314,32170560,2020-03-12
2315,32170559,2020-03-13
2316,32170027,2020-03-13
2317,32170017,2020-03-13
2318,32169967,2020-03-13
2319,32169866,2020-03-13
2320,32169834,2020-03-13
2321,32169833,2020-03-13
2322,32169830,2020-03-13
2323,32169673,2020-03-10
2324,32169615,2020-03-10
2325,32169574,2020-03-10
2326,32169565,2020-03-10
2327,32169498,2020-03-10
2328,32169481,2020-03-10
2329,32169400,2020-03-10
2330,32169119,2020-03-13
2331,32168465,2020-03-13
2332,32168464,2020-03-13
2333,32168463,2020-03-13
2334,32168162,2020-03-17
2335,32167853,2020-03-13
2336,32167823,NA
2337,32167816,NA
2338,32167747,2020-03-13
2339,32167538,2020-03-13
2340,32167533,2020-03-13
2341,32167525,2020-03-13
2342,32167524,2020-03-13
2343,32167489,NA
2344,32167445,NA
2345,32167442,2020-03-13
2346,32167245,2020-03-13
2347,32167181,2020-03-13
2348,32167180,2020-03-13
2349,32167173,2020-03-13
2350,32167166,2020-03-13
2351,32167153,NA
2352,32167146,2020-03-13
2353,32166939,2020-03-13
2354,32166607,2020-03-13
2355,32166600,2020-03-12
2356,32166511,2020-03-12
2357,32166350,NA
2358,32166318,2020-03-12
2359,32166310,2020-03-12
2360,32166128,2020-03-09
2361,32165854,2020-03-09
2362,32165541,2020-03-12
2363,32165502,NA
2364,32165426,2020-03-12
2365,32165415,2020-03-12
2366,32165414,2020-03-12
2367,32165386,2020-03-12
2368,32165352,2020-03-12
2369,32165283,2020-03-09
2370,32165205,2020-03-09
2371,32165057,2020-03-09
2372,32164834,2020-03-09
2373,32164830,2020-03-09
2374,32164708,2020-03-13
2375,32164424,2020-03-13
2376,32164401,2020-03-13
2377,32164400,2020-03-13
2378,32164092,NA
2379,32164091,NA
2380,32164090,NA
2381,32164089,NA
2382,32164088,NA
2383,32164087,NA
2384,32164086,NA
2385,32164085,NA
2386,32164084,NA
2387,32164083,NA
2388,32164082,NA
2389,32164081,NA
2390,32164080,NA
2391,32164079,NA
2392,32164078,NA
2393,32164077,NA
2394,32164053,2020-03-12
2395,32163908,2020-03-04
2396,32163699,2020-03-12
2397,32163698,2020-03-12
2398,32163697,2020-03-12
2399,32163542,2020-03-12
2400,32163140,2020-03-12
2401,32163102,2020-03-12
2402,32163030,2020-03-12
2403,32162995,2020-03-12
2404,32162990,2020-03-12
2405,32162896,2020-03-12
2406,32162858,2020-03-12
2407,32162702,2020-03-12
2408,32162699,2020-03-12
2409,32162679,2020-03-12
2410,32162604,2020-03-11
2411,32162476,NA
2412,32162456,2020-03-11
2413,32162212,2020-03-11
2414,32162211,2020-03-11
2415,32162081,2020-03-11
2416,32162032,2020-03-11
2417,32161990,2020-03-11
2418,32161968,2020-03-12
2419,32161941,2020-03-12
2420,32161940,2020-03-12
2421,32161416,2020-03-13
2422,32161414,2020-03-11
2423,32161408,NA
2424,32161107,NA
2425,32161092,2020-03-11
2426,32161091,2020-03-11
2427,32161028,2020-03-11
2428,32160997,2020-03-11
2429,32160996,2020-03-11
2430,32160971,2020-03-08
2431,32160942,NA
2432,32160889,2020-03-11
2433,32160684,NA
2434,32160451,2020-03-11
2435,32160345,2020-03-11
2436,32160316,2020-03-11
2437,32160299,2020-03-11
2438,32160273,2020-03-11
2439,32160149,2020-03-11
2440,32160148,2020-03-11
2441,32159805,2020-03-03
2442,32159775,2020-03-11
2443,32159735,2020-03-11
2444,32159317,2020-03-11
2445,32159254,2020-03-11
2446,32159237,2020-03-11
2447,32159234,2020-03-11
2448,32158961,2020-03-02
2449,32157862,2020-03-06
2450,32157849,2020-03-11
2451,32157848,2020-03-11
2452,32157847,2020-03-11
2453,32157783,2020-03-11
2454,32157732,2020-03-11
2455,32157235,NA
2456,32157233,NA
2457,32156682,2020-03-10
2458,32156680,2020-03-10
2459,32156677,2020-03-10
2460,32156675,2020-03-10
2461,32156648,2020-03-07
2462,32156607,2020-03-07
2463,32156332,NA
2464,32156331,NA
2465,32156330,NA
2466,32156329,NA
2467,32156327,NA
2468,32156224,2020-03-11
2469,32156144,2020-02-24
2470,32156101,2020-03-11
2471,32155789,2020-03-06
2472,32155444,2020-03-06
2473,32155431,2020-02-24
2474,32155302,2020-03-09
2475,32155273,NA
2476,32155105,2020-03-10
2477,32154911,2020-03-10
2478,32154877,2020-03-10
2479,32154505,2020-03-03
2480,32154287,NA
2481,32154135,NA
2482,32153742,2020-02-11
2483,32153171,2020-03-10
2484,32153170,2020-03-10
2485,32153168,2020-03-10
2486,32153167,2020-03-10
2487,32153166,2020-03-10
2488,32153144,2020-03-10
2489,32152612,2020-03-10
2490,32152595,NA
2491,32152585,NA
2492,32152082,2020-03-09
2493,32152059,NA
2494,32152010,2020-03-09
2495,32152001,2020-03-09
2496,32151714,2020-03-07
2497,32151674,2020-03-06
2498,32151613,2020-03-06
2499,32151335,2020-02-12
2500,32151334,2020-02-12
2501,32151326,2020-03-06
2502,32151325,2020-03-06
2503,32151324,2020-03-06
2504,32151320,2020-03-06
2505,32151318,2020-03-06
2506,32151274,2020-03-09
2507,32150796,2020-03-07
2508,32150752,2020-03-10
2509,32150748,2020-03-10
2510,32150618,2020-03-09
2511,32150576,2020-03-09
2512,32150527,2020-06-17
2513,32150358,2020-03-09
2514,32149773,2020-03-05
2515,32149771,2020-03-05
2516,32149770,2020-03-06
2517,32149769,2020-03-06
2518,32149768,2020-03-06
2519,32149486,2020-03-09
2520,32149484,2020-03-09
2521,32149049,NA
2522,32149043,NA
2523,32149037,NA
2524,32149036,NA
2525,32149035,NA
2526,32148173,2020-03-08
2527,32148172,2020-03-08
2528,32147731,2020-03-09
2529,32147715,2020-03-04
2530,32147628,NA
2531,32147577,2020-03-05
2532,32147538,2020-03-05
2533,32147516,2020-03-06
2534,32147496,2020-03-05
2535,32147409,2020-02-25
2536,32147407,2020-03-05
2537,32147406,2020-03-06
2538,32147378,2020-02-26
2539,32146924,2020-02-12
2540,32146921,2020-03-09
2541,32146721,2020-03-08
2542,32146694,2020-03-04
2543,32146554,2020-03-07
2544,32146445,2020-02-29
2545,32145829,2020-03-05
2546,32145772,NA
2547,32145768,2020-03-05
2548,32145766,2020-03-05
2549,32145719,2020-03-08
2550,32145718,2020-03-08
2551,32145717,2020-03-08
2552,32145716,2020-03-08
2553,32145715,2020-03-08
2554,32145714,2020-03-07
2555,32145466,2020-03-04
2556,32145465,2020-03-04
2557,32145402,2020-03-04
2558,32145386,2020-03-05
2559,32145363,2020-03-04
2560,32145275,2020-03-04
2561,32145217,2020-03-05
2562,32145216,2020-03-04
2563,32145215,2020-03-05
2564,32145214,2020-03-05
2565,32145190,2020-03-04
2566,32145189,2020-03-04
2567,32145188,2020-03-04
2568,32145187,2020-03-04
2569,32145186,2020-03-04
2570,32145156,2020-03-07
2571,32144890,2020-03-06
2572,32144591,2020-03-06
2573,32144176,2020-03-06
2574,32144127,2020-03-05
2575,32144116,2020-03-06
2576,32144115,2020-03-06
2577,32144111,2020-03-06
2578,32144097,2020-03-06
2579,32144096,2020-03-06
2580,32143990,2020-03-03
2581,32143519,2020-03-04
2582,32143502,2020-03-04
2583,32143142,2020-02-27
2584,32143123,2020-02-28
2585,32142979,2020-03-04
2586,32142972,2020-03-03
2587,32142938,2020-03-03
2588,32142928,2020-03-03
2589,32142887,2020-03-03
2590,32142886,2020-03-03
2591,32142885,2020-03-03
2592,32142785,2020-03-03
2593,32142773,2020-03-03
2594,32142651,2020-03-04
2595,32142639,2020-03-03
2596,32142626,2020-03-03
2597,32142622,2020-03-03
2598,32142621,2020-03-03
2599,32142596,NA
2600,32142399,2020-03-06
2601,32142398,2020-03-06
2602,32141624,2020-03-06
2603,32141619,2020-03-06
2604,32141588,2020-02-24
2605,32141570,NA
2606,32141569,NA
2607,32141280,2020-03-06
2608,32141279,2020-03-06
2609,32141062,2020-03-05
2610,32141058,2020-03-05
2611,32140732,2020-03-05
2612,32140538,2020-02-14
2613,32139904,2020-03-05
2614,32139552,2020-03-05
2615,32139521,NA
2616,32139464,2020-03-26
2617,32139462,2020-03-26
2618,32139397,2020-03-05
2619,32139372,2020-03-05
2620,32139299,2020-03-02
2621,32138488,NA
2622,32138266,2020-03-03
2623,32135587,NA
2624,32135586,NA
2625,32135585,NA
2626,32135584,NA
2627,32135077,2020-03-02
2628,32134909,2020-03-06
2629,32134861,NA
2630,32134800,2020-03-03
2631,32134681,2020-03-05
2632,32134381,2020-06-17
2633,32134278,NA
2634,32134205,2020-03-05
2635,32134116,2020-03-05
2636,32134111,2020-03-05
2637,32133964,2020-03-05
2638,32133962,2020-03-05
2639,32133833,2020-03-05
2640,32133832,2020-03-05
2641,32133831,2020-03-05
2642,32133830,2020-03-05
2643,32133829,2020-03-05
2644,32133825,2020-03-05
2645,32133824,2020-03-05
2646,32133578,2020-03-04
2647,32133159,2020-02-21
2648,32133153,2020-02-24
2649,32133152,2020-02-24
2650,32132747,NA
2651,32132744,NA
2652,32132669,2020-03-04
2653,32132521,2020-03-05
2654,32132379,NA
2655,32132196,2020-03-04
2656,32132184,2020-03-04
2657,32132096,2020-03-04
2658,32131914,2020-03-05
2659,32131908,2020-03-05
2660,32131906,2020-03-05
2661,32131537,2020-03-02
2662,32131151,2020-03-04
2663,32131142,2020-03-04
2664,32130973,2020-03-01
2665,32130833,NA
2666,32130047,2020-03-04
2667,32130038,2020-03-04
2668,32129843,2020-03-04
2669,32129842,2020-03-04
2670,32129805,2020-03-04
2671,32129672,2020-03-04
2672,32129670,2020-03-04
2673,32129583,2020-03-04
2674,32129582,2020-03-04
2675,32129581,2020-03-04
2676,32129580,2020-03-04
2677,32129518,2020-03-04
2678,32129508,2020-03-04
2679,32127713,NA
2680,32127711,NA
2681,32127703,NA
2682,32127666,NA
2683,32127517,2020-03-03
2684,32127353,2020-03-03
2685,32127126,NA
2686,32127125,NA
2687,32127124,NA
2688,32127123,NA
2689,32127122,NA
2690,32126292,2020-02-29
2691,32126197,2020-03-04
2692,32125934,2020-03-03
2693,32125873,2020-03-03
2694,32125642,2020-03-03
2695,32125458,2020-03-03
2696,32125455,2020-03-03
2697,32125453,2020-03-03
2698,32125452,2020-03-03
2699,32125432,2020-03-03
2700,32125418,2020-03-03
2701,32125413,2020-03-03
2702,32125371,2020-03-03
2703,32125362,2020-03-03
2704,32125355,2020-03-03
2705,32125269,2020-06-17
2706,32125140,2020-03-10
2707,32125133,2020-03-03
2708,32125132,2020-03-03
2709,32125131,2020-03-03
2710,32125130,2020-03-03
2711,32125129,2020-03-03
2712,32125128,2020-03-03
2713,32125127,2020-03-03
2714,32125126,2020-03-03
2715,32124995,2020-03-03
2716,32124990,2020-03-03
2717,32124733,NA
2718,32124506,2020-03-02
2719,32124179,2020-02-29
2720,32124000,2020-03-03
2721,32123994,2020-03-02
2722,32123989,2020-03-02
2723,32123986,2020-03-02
2724,32123347,2020-03-02
2725,32122881,2020-03-02
2726,32122876,2020-03-02
2727,32122875,2020-03-02
2728,32122812,2020-02-19
2729,32122469,2020-02-12
2730,32122468,2020-02-12
2731,32122430,2020-03-03
2732,32122250,2020-03-03
2733,32122113,2020-03-03
2734,32121356,2020-02-29
2735,32120965,2020-02-27
2736,32120913,2020-02-27
2737,32120822,2020-02-27
2738,32120458,2020-03-02
2739,32120312,2020-02-22
2740,32119980,2020-02-28
2741,32119961,2020-02-28
2742,32119884,2020-02-28
2743,32119825,2020-02-28
2744,32119824,2020-02-28
2745,32119823,2020-02-28
2746,32119647,2020-03-03
2747,32119083,2020-02-28
2748,32118645,2020-02-28
2749,32118644,2020-02-28
2750,32118641,2020-02-28
2751,32118640,2020-02-28
2752,32118639,2020-02-28
2753,32118615,2020-02-29
2754,32118533,2020-06-17
2755,32118394,2020-03-02
2756,32118393,2020-03-02
2757,32118392,2020-03-02
2758,32118391,2020-03-02
2759,32118390,2020-03-02
2760,32118389,2020-03-02
2761,32117569,2020-01-31
2762,32116200,2020-02-27
2763,32116147,2020-03-01
2764,32115733,2020-03-01
2765,32115732,2020-03-01
2766,32115186,2020-02-27
2767,32114755,2020-03-02
2768,32114747,2020-03-01
2769,32114746,2020-03-01
2770,32114745,2020-03-01
2771,32114744,2020-03-01
2772,32114193,2020-02-27
2773,32114094,2020-02-28
2774,32114075,2020-02-27
2775,32114074,2020-02-27
2776,32114054,2020-02-27
2777,32113991,2020-02-27
2778,32113880,2020-02-26
2779,32113846,2020-02-20
2780,32113824,2020-02-26
2781,32113704,2020-02-26
2782,32113510,2020-02-27
2783,32113509,2020-02-27
2784,32113508,2020-02-27
2785,32113507,2020-02-27
2786,32113506,2020-02-27
2787,32113505,2020-02-27
2788,32113504,2020-02-27
2789,32113495,NA
2790,32113494,NA
2791,32113198,2020-03-01
2792,32113197,2020-03-01
2793,32113196,2020-03-01
2794,32112977,2020-02-26
2795,32112966,2020-02-26
2796,32112887,2020-02-26
2797,32112886,2020-02-27
2798,32112884,2020-02-26
2799,32112859,2020-02-26
2800,32112857,2020-02-27
2801,32112714,2020-02-26
2802,32112549,2020-02-29
2803,32112336,2020-02-28
2804,32112082,2020-02-28
2805,32112072,2020-02-28
2806,32111656,2020-02-28
2807,32111649,2020-02-28
2808,32111645,2020-02-28
2809,32111449,2020-02-19
2810,32111295,NA
2811,32111262,2020-02-28
2812,32111114,2020-02-29
2813,32111113,2020-02-29
2814,32110875,2020-02-26
2815,32110742,2020-02-14
2816,32109444,2020-02-25
2817,32109443,2020-02-25
2818,32109372,2020-02-25
2819,32109279,2020-02-29
2820,32109274,2020-02-28
2821,32109273,2020-02-28
2822,32109013,2020-02-28
2823,32109012,2020-02-28
2824,32109011,2020-02-28
2825,32108862,2020-02-28
2826,32108857,2020-02-28
2827,32108495,2020-02-28
2828,32108460,2020-02-28
2829,32108459,2020-02-28
2830,32108359,2020-02-28
2831,32108352,2020-02-28
2832,32108351,2020-02-28
2833,32108160,NA
2834,32108087,2020-02-27
2835,32108071,NA
2836,32107911,2020-02-27
2837,32107910,2020-02-27
2838,32107909,2020-02-28
2839,32107577,2020-02-28
2840,32107548,NA
2841,32107254,2020-02-27
2842,32107200,2020-02-27
2843,32107119,2020-02-21
2844,32106852,2020-02-28
2845,32106567,2020-02-25
2846,32106462,2020-02-25
2847,32106216,2020-02-28
2848,32105680,2020-02-24
2849,32105641,2020-02-24
2850,32105638,2020-02-24
2851,32105637,2020-02-24
2852,32105633,2020-02-24
2853,32105632,2020-02-24
2854,32105614,2020-02-24
2855,32105610,2020-02-24
2856,32105609,2020-02-24
2857,32105562,2020-02-27
2858,32105381,2020-02-27
2859,32105304,2020-02-27
2860,32105090,NA
2861,32105052,2020-02-27
2862,32105049,2020-02-27
2863,32104917,2020-02-27
2864,32104915,2020-02-27
2865,32104911,2020-02-27
2866,32104907,2020-02-27
2867,32104884,2020-02-27
2868,32103652,2020-02-27
2869,32103284,2020-02-26
2870,32102856,2020-02-26
2871,32102793,2020-02-26
2872,32102777,NA
2873,32102726,2020-02-27
2874,32102625,2020-02-26
2875,32102621,2020-02-26
2876,32102279,2020-02-24
2877,32102141,NA
2878,32102140,NA
2879,32101683,NA
2880,32101510,2020-02-26
2881,32100979,2020-02-26
2882,32100976,2020-02-26
2883,32100877,2020-02-26
2884,32100876,2020-02-26
2885,32100667,2020-02-26
2886,32100487,2020-02-25
2887,32100486,2020-02-26
2888,32100485,2019-02-26
2889,32100062,2020-02-25
2890,32100024,2020-02-26
2891,32099934,2020-02-11
2892,32099716,2020-02-04
2893,32098875,2020-02-25
2894,32098616,2020-02-26
2895,32098422,2020-02-22
2896,32098302,2020-02-22
2897,32098289,2020-02-22
2898,32098094,2020-02-21
2899,32098019,2020-02-21
2900,32097725,2020-02-22
2901,32097202,2020-02-24
2902,32097201,2020-02-24
2903,32096692,2020-02-25
2904,32096567,2020-02-25
2905,32096566,2020-02-25
2906,32096564,2020-02-25
2907,32096396,2020-02-25
2908,32096395,2020-02-25
2909,32096367,NA
2910,32096366,NA
2911,32096116,2020-02-25
2912,32094589,2020-02-24
2913,32094505,2020-02-24
2914,32094336,2020-02-24
2915,32094225,2020-02-24
2916,32093921,2020-02-21
2917,32093461,2020-02-25
2918,32093211,2020-02-20
2919,32093043,2020-02-19
2920,32092911,2020-02-19
2921,32092748,2020-02-25
2922,32092539,2020-02-22
2923,32092483,2020-02-21
2924,32092392,2020-02-21
2925,32092391,2020-02-22
2926,32092388,2020-02-21
2927,32092368,2020-02-21
2928,32092296,2020-02-19
2929,32091533,2020-02-24
2930,32091414,NA
2931,32091395,2020-02-24
2932,32091386,2020-05-17
2933,32091134,2020-02-24
2934,32088858,NA
2935,32088847,2020-02-22
2936,32088679,2020-01-31
2937,32088678,2020-01-31
2938,32088598,2020-02-20
2939,32088344,2020-02-20
2940,32088339,2020-02-20
2941,32088335,2020-02-20
2942,32088333,2020-02-20
2943,32087820,2020-02-20
2944,32087777,NA
2945,32087623,2020-02-23
2946,32087621,2020-02-23
2947,32087334,2020-02-20
2948,32087216,2020-02-19
2949,32087125,2020-02-19
2950,32087122,2020-02-19
2951,32087116,2020-02-19
2952,32087115,2020-02-19
2953,32087114,2020-02-19
2954,32087098,2020-02-20
2955,32086938,2020-02-22
2956,32086236,NA
2957,32086235,2020-02-21
2958,32085850,2020-02-19
2959,32085849,2020-02-19
2960,32085846,2020-02-18
2961,32085843,2020-02-19
2962,32085842,2020-02-19
2963,32085841,2020-02-19
2964,32085840,2020-02-19
2965,32085839,2020-02-19
2966,32084675,2020-02-22
2967,32084674,2020-02-22
2968,32083985,2020-02-21
2969,32083831,2020-01-28
2970,32083728,NA
2971,32083643,2020-02-21
2972,32083409,2020-02-21
2973,32083328,2020-02-21
2974,32081636,2020-02-17
2975,32081569,2020-02-12
2976,32081428,2020-02-17
2977,32080993,2020-02-24
2978,32080992,2020-02-24
2979,32080991,2020-02-24
2980,32080990,2020-02-24
2981,32080723,NA
2982,32079150,2020-02-17
2983,32078967,2020-02-10
2984,32078803,2020-02-17
2985,32078596,2020-02-21
2986,32078595,2020-02-21
2987,32078069,2020-02-20
2988,32078048,2020-02-20
2989,32077996,2020-02-20
2990,32077933,2020-02-20
2991,32077901,2020-02-20
2992,32077789,2020-02-20
2993,32077661,2020-02-20
2994,32077660,2020-02-20
2995,32077659,2020-02-20
2996,32077441,2020-02-20
2997,32077440,2020-02-20
2998,32077115,2020-02-19
2999,32075877,2020-02-19
3000,32075791,2020-02-19
3001,32075786,2020-02-19
3002,32075783,2020-02-19
3003,32075365,2020-02-20
3004,32075364,2020-02-20
3005,32075152,2020-02-14
3006,32074786,NA
3007,32074719,2020-02-19
3008,32074550,2020-02-19
3009,32074516,2020-02-18
3010,32074487,2020-02-16
3011,32074480,2020-02-20
3012,32074444,2020-02-19
3013,32074416,2020-02-19
3014,32074258,2020-02-19
3015,32073631,NA
3016,32073353,2020-02-19
3017,32073213,2020-03-13
3018,32073161,2020-03-01
3019,32072794,2020-02-19
3020,32072569,2020-02-18
3021,32072255,2020-02-18
3022,32071427,NA
3023,32071063,2020-02-18
3024,32070753,2020-02-15
3025,32070466,NA
3026,32070465,NA
3027,32070391,2020-02-19
3028,32069388,2020-02-18
3029,32067043,2020-02-18
3030,32066541,2020-02-14
3031,32066526,2020-02-14
3032,32066525,2020-02-14
3033,32066206,2020-02-18
3034,32065520,2020-02-17
3035,32065348,2020-02-17
3036,32065221,NA
3037,32065057,2020-02-17
3038,32065055,2020-02-17
3039,32064856,2020-02-17
3040,32064855,2020-02-17
3041,32064853,2020-02-17
3042,32064795,NA
3043,32062875,2020-02-17
3044,32062645,2020-02-17
3045,32061335,2020-02-13
3046,32061313,2020-02-13
3047,32061311,2020-02-13
3048,32061284,NA
3049,32061201,2020-02-16
3050,32061200,2020-02-16
3051,32061198,2020-02-16
3052,32061066,2020-02-15
3053,32060933,2020-02-28
3054,32060789,2020-02-14
3055,32059801,2020-02-11
3056,32059800,2020-02-11
3057,32059799,2020-02-11
3058,32059798,2020-02-11
3059,32058570,2020-02-14
3060,32058086,2020-02-11
3061,32057788,2020-02-11
3062,32057769,2020-02-10
3063,32057212,2020-02-14
3064,32057211,2020-02-14
3065,32057210,2020-02-14
3066,32057209,2020-02-14
3067,32056509,2020-02-14
3068,32056407,2020-02-17
3069,32056397,2020-02-11
3070,32056249,2020-02-21
3071,32056235,2020-02-24
3072,32055945,2020-02-13
3073,32054787,2020-02-13
3074,32054124,2020-02-11
3075,32054045,2020-02-11
3076,32053580,2020-02-14
3077,32053579,2020-02-14
3078,32053479,2020-05-17
3079,32053470,2020-02-13
3080,32053437,NA
3081,32053389,2020-02-13
3082,32053148,NA
3083,32052846,NA
3084,32052841,NA
3085,32052514,2020-02-16
3086,32052466,2020-03-03
3087,32052373,2020-02-12
3088,32052064,2020-02-13
3089,32051073,NA
3090,32051072,NA
3091,32051071,NA
3092,32050635,2020-02-10
3093,32050080,2020-02-12
3094,32050060,2020-02-12
3095,32050059,2020-02-12
3096,32049687,2020-02-11
3097,32049602,2020-02-12
3098,32049601,2020-02-12
3099,32048891,2020-02-12
3100,32048818,2020-02-12
3101,32048815,2020-02-12
3102,32048740,2020-02-18
3103,32048560,2020-02-12
3104,32048501,2020-02-12
3105,32048163,2020-02-09
3106,32047895,2020-02-12
3107,32047258,2020-02-11
3108,32046819,NA
3109,32046816,NA
3110,32046815,2020-02-11
3111,32046814,2020-02-11
3112,32046137,2020-02-07
3113,32045966,2020-02-11
3114,32044814,2020-02-07
3115,32044389,2020-02-08
3116,32044388,2020-02-07
3117,32044387,2020-02-07
3118,32043983,2020-02-07
3119,32043982,2020-02-07
3120,32043978,2020-02-07
3121,32040667,2020-02-10
3122,32040190,NA
3123,32038538,2020-01-21
3124,32037389,2020-02-09
3125,32036774,NA
3126,32035997,2020-02-06
3127,32035811,2020-02-04
3128,32035538,NA
3129,32035537,NA
3130,32035533,NA
3131,32035511,2020-02-06
3132,32035510,2020-02-06
3133,32035507,2020-02-07
3134,32035431,2020-02-09
3135,32035428,2020-02-09
3136,32035269,2020-02-05
3137,32035030,2020-02-05
3138,32035028,2020-02-07
3139,32035018,2020-02-05
3140,32034899,2020-02-08
3141,32034840,2020-02-23
3142,32034659,2020-02-07
3143,32034638,2020-02-07
3144,32034637,2020-02-07
3145,32033967,2020-02-07
3146,32033514,2020-02-08
3147,32033513,2020-02-07
3148,32033064,2020-02-04
3149,32032682,2020-02-04
3150,32032674,2020-02-04
3151,32032614,2020-02-04
3152,32032529,2020-02-04
3153,32032497,2020-02-07
3154,32031590,NA
3155,32031583,NA
3156,32031570,2020-02-07
3157,32031568,2020-02-07
3158,32031481,2020-02-07
3159,32031264,2020-02-17
3160,32031234,2020-02-07
3161,32030926,2020-02-10
3162,32030925,2020-02-10
3163,32029004,2020-02-06
3164,32027812,2020-02-06
3165,32027631,2020-02-07
3166,32027573,2020-02-06
3167,32027036,2020-02-19
3168,32027035,2020-02-14
3169,32026671,2020-02-06
3170,32026148,2020-02-05
3171,32025790,2020-02-06
3172,32024976,2020-02-05
3173,32024089,2020-02-01
3174,32023775,2020-02-06
3175,32023687,2020-02-05
3176,32023686,2020-02-05
3177,32023685,2020-02-05
3178,32023684,2020-02-05
3179,32023682,2020-02-03
3180,32023681,2020-02-04
3181,32023680,2020-02-02
3182,32023678,2020-02-02
3183,32023427,2020-02-05
3184,32023340,2020-02-05
3185,32022370,2020-02-25
3186,32022276,2020-03-03
3187,32022275,2020-02-12
3188,32020915,2020-02-05
3189,32020836,2020-02-05
3190,32020029,2020-02-04
3191,32019669,NA
3192,32019667,NA
3193,32019636,2020-01-31
3194,32017984,2020-02-01
3195,32017662,2020-02-04
3196,32017661,2020-02-04
3197,32017153,2020-02-10
3198,32015508,2020-02-03
3199,32015507,2020-02-03
3200,32014114,2020-01-31
3201,32013795,2020-02-04
3202,32010938,NA
3203,32009228,2020-01-21
3204,32009128,NA
3205,32007643,2020-01-30
3206,32007627,2020-01-30
3207,32007152,NA
3208,32007145,2020-01-30
3209,32007143,2020-01-30
3210,32007135,2020-01-31
3211,32006657,2020-01-30
3212,32006656,2020-01-30
3213,32005086,2020-01-31
3214,32004758,2020-01-29
3215,32004427,2020-01-31
3216,32004165,2020-02-11
3217,32004066,NA
3218,32003646,2020-01-31
3219,32003551,2020-01-30
3220,32003000,2020-02-05
3221,32001631,NA
3222,32001309,2020-01-28
3223,31999307,2020-01-30
3224,31997618,2020-02-03
3225,31997390,2020-02-14
3226,31996494,2020-01-28
3227,31996437,2020-03-17
3228,31996413,2020-01-29
3229,31996342,2020-01-29
3230,31995857,2020-01-29
3231,31994742,2020-02-12
3232,31994738,2020-02-07
3233,31992886,NA
3234,31992880,NA
3235,31992390,NA
3236,31992388,NA
3237,31992387,NA
3238,31991628,2020-01-24
3239,31991541,2020-01-24
3240,31991079,2020-01-28
3241,31988464,NA
3242,31987001,2020-01-28
3243,31986264,2020-01-24
3244,31986261,2020-01-24
3245,31986259,2020-01-24
3246,31986258,2020-01-24
3247,31986257,2020-01-24
3248,31986242,2020-01-27
3249,31985790,NA
3250,31981224,2020-02-07
3251,31979013,2020-01-22
3252,31978945,2020-01-24
3253,31978293,2020-01-24
3254,31969317,2020-01-22
3255,31967327,2020-02-07
3256,31967321,NA
3257,31953166,2020-01-14
3258,31944312,2020-02-04
3259,31943059,NA
3260,31936476,2020-01-09
3261,31896597,2020-02-28
3262,31859605,2019-12-20
3263,31826992,2020-02-14
3264,31712093,2019-11-08
3265,31690127,2019-11-05
3266,31670218,2019-10-22
3267,15631713,NA
3268,14648488,NA
